 (-1.576639065610805427e-18-1.658125645587353468e-15j), (-6.785228820454385538e-19-7.797784652355499241e-16j), (-2.592981981822866568e-16-1.249830571562818042e-12j), (-2.057150132845546805e-18-5.148300536024176102e-15j), (-8.682572424236391836e-19-8.932962119179313213e-16j), (-2.824428427736797294e-19-1.299569604535146313e-16j), (-2.766640734368563874e-16-1.422814878807330465e-12j), (-9.631560383786437852e-19-2.998742221669585734e-15j), (9.203857023340988639e-20+2.059314412350464141e-16j), (-1.169885530214970597e-18-9.415123763319213858e-16j), (-1.865424155838115530e-18+3.639086029751463513e-15j), (-2.015013688513007350e-19-8.841599089855686777e-17j), (1.643358341191952041e-18+1.276588700493784663e-15j), (6.745909633460978657e-19+2.168999957385094866e-15j), (-2.597841281791789661e-16-1.250039022441395500e-12j), (-7.642716779196959276e-20-1.517872455740748380e-15j), (-2.779138547477404359e-16-1.429752685226917348e-12j), (-6.968780461479666745e-19-1.091850227192824999e-15j), (-2.954718576908844281e-16-1.491679982935312190e-12j), (-1.013708313643409906e-18-1.763818968530724990e-15j), (-1.458936423061571125e-18-1.726344746832530832e-16j), (-7.530552786791242496e-19-1.698703615035107971e-15j), (-2.952228386885202482e-16-1.489558149183197019e-12j), (-7.942258741471899023e-19+9.601965133734137186e-16j), (-6.671927558109361485e-20+3.815369450939320751e-16j), (3.931918699313840138e-21-1.389221492149563579e-15j), (5.190823263614662639e-16+2.499869594004204858e-12j)
 (-2.314185364603595731e-17-6.352620785864282445e-15j), (-9.959158783452569446e-18-2.987410703444296514e-15j), (-3.805974024970285839e-15-4.788331194257086896e-12j), (-3.019439239966658253e-17-1.972415980047071237e-14j), (-1.274456509118490900e-17-3.422424788953054997e-15j), (-4.145568862021949369e-18-4.978873052143110083e-16j), (-4.060842900079833714e-15-5.451000539526911584e-12j), (-1.413745994239372048e-17-1.148950378091102345e-14j), (1.351022123361745593e-18+7.889427616808066558e-16j), (-1.717216318437600639e-17-3.607405400830229579e-15j), (-2.738007996597457270e-17+1.394268992087780515e-14j), (-2.957727677982428546e-18-3.387361323884904821e-16j), (2.412115662507886197e-17+4.890886014121376988e-15j), (9.901412141498366391e-18+8.309717946630189775e-15j), (-3.813106275777393263e-15-4.789129790626037602e-12j), (-1.121748326246105015e-18-5.815964664601188897e-15j), (-4.079187790453556691e-15-5.477581508832155386e-12j), (-1.022943832814374223e-17-4.183003502983365143e-15j), (-4.336928977649567077e-15-5.714912599065580972e-12j), (-1.487903942285529288e-17-6.757295172238641758e-15j), (-2.141422224020291605e-17-6.613601134458879498e-16j), (-1.105306708441654095e-17-6.507979549505914108e-15j), (-4.333273914487312583e-15-5.706783318219350047e-12j), (-1.165664371304053835e-17+3.678691316146020428e-15j), (-9.793029790449494192e-19+1.461734771744108864e-15j), (5.774664195431485486e-20-5.322307243186505811e-15j), (7.619080300747679103e-15+9.577460984883142269e-12j)
 (-3.396704354156784467e-16-2.433668499920151574e-14j), (-1.461780146421544789e-16-1.144476708354627029e-14j), (-5.586338311072577058e-14-1.834480808588176347e-11j), (-4.431862377469862320e-16-7.556547355297069492e-14j), (-1.870629095360727705e-16-1.311123270230009374e-14j), (-6.084678940638212329e-17-1.907192415956151179e-15j), (-5.960434747304692906e-14-2.088356014243337020e-11j), (-2.075071527601448187e-16-4.401837140014141550e-14j), (1.982805116177659086e-17+3.022189558846151286e-15j), (-2.520514362807087391e-16-1.381991947171688638e-14j), (-4.018747496534562078e-16+5.341974059680924426e-14j), (-4.341383577085404487e-17-1.297684326276248781e-15j), (3.540428338274469250e-16+1.873620831628798850e-14j), (1.453297548119733334e-16+3.183538321854798597e-14j), (-5.596806830926034766e-14-1.834786731099980246e-11j), (-1.646474845857438408e-17-2.228267446149474512e-14j), (-5.987361374160914764e-14-2.098539707904073827e-11j), (-1.501466817214842561e-16-1.602501828165287159e-14j), (-6.365678882570207373e-14-2.189472027958918833e-11j), (-2.183901420126668124e-16-2.588732095468159147e-14j), (-3.143092724922286909e-16-2.531986872422277204e-15j), (-1.622325160274992829e-16-2.493246378732012331e-14j), (-6.360313948544904530e-14-2.186357536317899065e-11j), (-1.710869824908432096e-16+1.409480500281942287e-14j), (-1.437239841178514610e-17+5.600476682912758893e-15j), (8.482598301740081685e-19-2.039061613500569469e-14j), (1.118314514199865032e-13+3.669267539688139791e-11j)
 (-4.984488131708553806e-15-9.315694312635782654e-14j), (-2.145231338047900688e-15-4.381863632164412722e-14j), (-8.198166827613388872e-13-7.027207495645488201e-11j), (-6.503895837267580472e-15-2.894181499410113140e-13j), (-2.745114042337516556e-15-5.018834718451544263e-14j), (-8.928084967839153400e-16-7.289368779670910680e-15j), (-8.747492334518750656e-13-7.999889041144842611e-11j), (-3.045039509884361239e-15-1.685960773782877854e-13j), (2.904781722012589890e-16+1.155690095878025807e-14j), (-3.698796952603452233e-15-5.288860760521110844e-14j), (-5.896957420746568445e-15+2.047772066893497220e-13j), (-6.372244434219112874e-16-4.967373736057157442e-15j), (5.195052411791381077e-15+7.168318573820137301e-14j), (2.132664985037964047e-15+1.219344019732033609e-13j), (-8.213530156179725524e-13-7.028377658086458945e-11j), (-2.415301184036693357e-16-8.536496223779908262e-14j), (-8.787011507731567313e-13-8.038900990694800062e-11j), (-2.203095036603759694e-15-6.135064515280453066e-14j), (-9.342212418178021587e-13-8.387215235228155837e-11j), (-3.204713298031355172e-15-9.912660553909179244e-14j), (-4.611590092770374229e-15-9.599063129617365832e-15j), (-2.380533931285021019e-15-9.547791390047040159e-14j), (-9.334337076498883900e-13-8.375283117947830914e-11j), (-2.510031369759222725e-15+5.406002967704906682e-14j), (-2.105642800829310560e-16+2.147375738819406010e-14j), (1.256635301000700357e-17-7.811576565156886413e-14j), (1.641169698379314873e-12+1.405558515373191483e-10j)
 (-7.290605121716022977e-14-3.523315442258430253e-13j), (-3.140912719463964100e-14-1.662871338943217594e-13j), (-1.200197930655168982e-11-2.686472445590831912e-10j), (-9.520987328695155874e-14-1.103913813791382082e-12j), (-4.016432609297781573e-14-1.898530243405795303e-13j), (-1.304054164320903803e-14-2.694974799390772122e-14j), (-1.281322236242946907e-11-3.059371631341568332e-10j), (-4.453340948048452989e-14-6.432730219361986144e-13j), (4.143742906785330308e-15+4.306741802735386940e-14j), (-5.411447998637539131e-14-1.993512727779245435e-13j), (-8.617914064229809248e-14+7.910193940021656355e-13j), (-9.352098596491344014e-15-1.878895398195854937e-14j), (7.591224456904939725e-14+2.690948328223759129e-13j), (3.119992852979193082e-14+4.653150923939262183e-13j), (-1.202447962616826605e-11-2.686910194754350126e-10j), (-3.514920959431821508e-15-3.267801725482782628e-13j), (-1.287114726651928127e-11-3.074296630891494012e-10j), (-3.217241117224869207e-14-2.325741073800837476e-13j), (-1.368398831463905309e-11-3.207338732373714646e-10j), (-4.686399214094713726e-14-3.768383747322759657e-13j), (-6.729407244035298222e-14-3.109524259397023706e-14j), (-3.478900511332636153e-14-3.633870221997446027e-13j), (-1.367241403178689879e-11-3.202767867697482192e-10j), (-3.659154331656638349e-14+2.104842218274089091e-13j), (-3.006193351893080231e-15+8.323671140346865230e-14j), (2.091986648471278246e-16-2.990279584995708092e-13j), (2.402645893271998657e-11+5.373382640345182554e-10j)
 (-1.016836868810257308e-12-1.103246867611011857e-12j), (-4.447065691817203430e-13-5.507546646252126008e-13j), (-1.697116256033243963e-10-9.980751926063520264e-10j), (-1.344634236622544860e-12-3.963822707072943447e-12j), (-5.628030008628732743e-13-5.958935029544352982e-13j), (-1.782664816389412884e-13-5.131042137241533056e-14j), (-1.825831337376250217e-10-1.141983018974416427e-09j), (-6.204159342311169928e-13-2.322812741355830774e-12j), (3.670823441807200630e-14+1.038602527438865731e-13j), (-7.576190619974784084e-13-5.866735514625085291e-13j), (-1.186868346559874807e-12+3.379248960390675677e-12j), (-1.369398338641689687e-13-5.810346589677176404e-14j), (1.043869386436401156e-12+7.345292180529682139e-13j), (4.364875054858437095e-13+1.683565747209366086e-12j), (-1.700315309334945414e-10-9.981855036033193677e-10j), (-4.561054318009172325e-14-1.238749997601348231e-12j), (-1.834162257522643478e-10-1.147584296131937200e-09j), (-4.385161702140880184e-13-7.598812362778211537e-13j), (-1.949139224082789580e-10-1.196364578920702724e-09j), (-6.518766751761203478e-13-1.286557265824005054e-12j), (-9.069782205104950209e-13+1.811579897393638440e-13j), (-4.793199373438781266e-13-1.263912211486291248e-12j), (-1.947410933621362813e-10-1.194617559937022443e-09j), (-4.860387056280615346e-13+9.832591074868010999e-13j), (-2.703251762616898748e-14+3.687176495582385742e-13j), (8.219063695899499446e-15-1.132811082584263043e-12j), (3.397431565368192220e-10+1.996260696209666638e-09j)
 (-7.592130857740202398e-12+3.939965189475498216e-12j), (-4.224512829323999567e-12+1.102668838071224073e-12j), (-1.645882936435872480e-09-2.744375792030004259e-09j), (-1.235603574590579110e-11-5.744111345200615912e-12j), (-4.488767996659661442e-12+2.341558121178343679e-12j), (-1.029960938191037025e-12+1.277862965560214719e-12j), (-1.887786676898667289e-09-3.234352122079617711e-09j), (-4.985948746443666466e-12-4.546289598243566161e-12j), (-1.676729597994870005e-12-1.487983068004545065e-13j), (-6.027470864928686346e-12+3.875165936198858239e-12j), (-6.855499125002271435e-12+2.419754142042234323e-11j), (-1.785804336909723232e-12+6.150665673266331633e-13j), (6.242389596393304911e-12-6.173489793540200525e-12j), (3.476333023152039051e-12+3.178726891846363122e-12j), (-1.649131416527646944e-09-2.742593570144008131e-09j), (-2.539984416250256527e-13-4.728286752946643506e-12j), (-1.897224202149374522e-09-3.250796165789407990e-09j), (-2.413001773428199046e-12+7.564415362390385181e-13j), (-2.005531640730402618e-09-3.359399662110581045e-09j), (-5.005716367683121918e-12+4.261105124443507168e-14j), (-3.916277034257352899e-12+8.532800080433494378e-12j), (-3.198134661295021698e-12-1.049424124339383537e-12j), (-2.002845616146380072e-09-3.353383583361644306e-09j), (-1.469005959818440508e-12+7.923520280144201398e-12j), (1.349741261347271899e-12+2.233524604064318203e-12j), (7.481798061722160812e-13-4.281395729917513484e-12j), (3.295014352963521699e-09+5.486969362174024798e-09j)
 (6.433833514903143522e-13+2.575225232842592884e-11j), (6.225312327365498642e-13+2.242040840427098076e-11j), (-5.039801169402735840e-09-3.354140562179070604e-09j), (-2.023566460690300726e-11+2.443125316132476288e-11j), (1.052534642232949196e-11+1.564454981674304346e-11j), (1.083470930665589586e-12+3.599388332931082753e-12j), (-5.875108669830924346e-09-3.721731882401231936e-09j), (-1.182274191364330745e-11-1.686114849089241172e-12j), (2.144351914476126546e-12+1.585557333317437366e-11j), (1.053432172672573552e-11+2.732373427697408630e-11j), (5.035118937742156325e-11+7.742911855455123288e-11j), (-1.123446263916307376e-12+1.333990191956903102e-11j), (-1.354389553037997131e-11-1.593208970448211818e-11j), (5.781335313140016258e-12+5.100713871625628770e-12j), (-5.039224398239212117e-09-3.327901698642647672e-09j), (-9.179928232858387705e-12-1.578027673441499882e-11j), (-5.900132105283533260e-09-3.736847213647642082e-09j), (3.143960266735068220e-12-3.317053248474295395e-12j), (-6.138228427990839136e-09-3.723884985582292907e-09j), (7.571688828486927920e-13+1.202028725590804574e-11j), (1.001385842620624562e-11+1.888677030305068620e-11j), (1.854035889051595437e-12-2.088035732275699331e-12j), (-6.125019432873791871e-09-3.718187097848042761e-09j), (-1.958948654283717852e-12+1.403471300883396320e-11j), (1.290051217888891813e-11-9.820162623943337284e-12j), (-6.403866545876278750e-12-2.752112227589711117e-11j), (1.007902556764192066e-08+6.682042260821714554e-09j)
 (7.532228626685409376e-11+6.541440193400409759e-11j), (3.573946345961294664e-11+2.078173994887089789e-11j), (-7.846278317692275570e-09-2.513600826436480962e-09j), (4.927704935841498064e-11+7.929210528991563637e-11j), (6.281220240734396863e-12+1.287406774855562048e-11j), (8.148136787705308628e-12+2.367370555672219549e-11j), (-9.115627951005901310e-09-2.907214039191821524e-09j), (-3.790056559339811140e-12+1.782677433249226560e-11j), (1.109596421321039822e-11+2.299793023639140276e-11j), (4.036469815752138811e-11+1.846522364334445879e-11j), (1.558242563717058213e-10+7.495105615332809749e-11j), (2.369263171280244717e-11+3.063365825893966274e-11j), (-3.243418262265039805e-11-2.774323003469972538e-11j), (1.142985358383054063e-11-2.509461623425388014e-12j), (-7.789539723919242086e-09-2.505680110190289022e-09j), (-2.820332001390906202e-11-9.478817873724129824e-12j), (-9.174817499321277621e-09-2.939468608910703838e-09j), (-1.388764749437244702e-11+2.216566639886087409e-11j), (-9.020079195069050112e-09-2.735485730395718898e-09j), (1.856626026616910122e-11+1.859687528568248419e-11j), (7.405956079623031094e-11+2.951811586492683753e-11j), (-8.482602866355256858e-12-3.973861822469404127e-12j), (-9.001898616280248774e-09-2.752580216686250948e-09j), (4.143514108372604632e-11+1.499802460875299859e-10j), (-4.288810364420331443e-11-3.767117189930488274e-11j), (-4.716931704344284427e-11-1.827227832544594528e-11j), (1.563581804161148953e-08+5.019280936626771225e-09j)
 (7.915532928465537608e-11-2.160305614083982455e-11j), (4.275129768607316442e-11+8.280004397721269656e-12j), (-9.585800563943799194e-09-2.009518529240103677e-09j), (9.980370658937320532e-11+1.182698279519423347e-11j), (4.014649773859640502e-11+2.584498317032024812e-11j), (3.388330823139938863e-11-1.632673574283442670e-12j), (-1.093270782557661862e-08-1.330336775092714730e-09j), (1.336805834088745702e-11+8.294861238798962717e-12j), (5.126408280286423304e-11+1.426206245107459417e-11j), (4.415504499024908033e-11+1.866718275487961599e-12j), (1.466190407815656812e-10-4.537014901545364945e-11j), (5.252879479216217362e-11-1.021450004155962450e-11j), (-4.796035863413070176e-11-2.895568302645027722e-12j), (-2.652997706396325941e-12+2.733711764515998367e-13j), (-9.564508155890622306e-09-2.072246550296214091e-09j), (-3.522828483112988511e-11-9.219468678858897054e-12j), (-1.099490100290567710e-08-1.304269214722937305e-09j), (4.268550121775151981e-11+1.920279216681431361e-11j), (-1.098328301710851609e-08-2.116127681897686966e-09j), (3.280491792638004134e-11-2.140248363052671676e-11j), (2.952509322822747862e-11-6.144811183301804568e-11j), (-1.685864463901921130e-11-9.706023491224986825e-12j), (-1.099390639539550969e-08-2.161712195409297580e-09j), (1.969314522879776538e-10+1.034583270522099933e-10j), (-3.119497065052421549e-11+2.449862444348516933e-11j), (-4.009829997967856675e-11-8.553375574173011563e-12j), (1.915030871983451414e-08+4.081765079536314459e-09j)
 (4.836892755878569831e-11-1.944193721713340804e-11j), (5.013824085711339614e-11+6.328961447432912574e-12j), (-1.122123097714808758e-08-1.331126488188713939e-09j), (9.090314620072497643e-11+6.622405223775910343e-12j), (5.763370576792214829e-11+6.398713521860233956e-12j), (1.533682107965407344e-11-8.595255375833507279e-12j), (-1.131764914004859437e-08-4.591264374496160642e-10j), (1.902768302550608640e-11+3.273987528050380830e-12j), (4.583729185460605096e-11-1.328306125439706279e-12j), (4.558768944465862022e-11+3.161268250154045949e-12j), (9.040889167394740808e-11-3.379563966200952247e-11j), (1.243225987786150461e-11-2.558484327036501838e-11j), (-4.641685707245600816e-11+2.980035373030671630e-12j), (1.175527405456791487e-11+2.770793881250290896e-11j), (-1.127994598166070776e-08-1.396604320710851026e-09j), (-3.628525941759191674e-11-9.410746293449131776e-13j), (-1.133995221779867415e-08-4.448234140417298546e-10j), (2.700897847360501626e-11-2.154291646732303533e-11j), (-1.258312272524524655e-08-1.305393553751850830e-09j), (-1.440195168378534937e-11-3.393012046194364418e-11j), (-3.623994565538415900e-11-3.801198728293762265e-11j), (-1.818798501635208184e-11+3.554624373950517178e-12j), (-1.265241406188795542e-08-1.359659114695873528e-09j), (2.907167322478127707e-10+1.151585118377904766e-10j), (-1.952070486332416047e-12+1.646190184410203888e-11j), (-6.189351491168821925e-11-3.403690025993605337e-11j), (2.250117695880878542e-08+2.727730808899558761e-09j)
 (3.475296789663024743e-11-9.871229188867460083e-12j), (5.159143594336769475e-11+1.771950365894863481e-12j), (-1.188459757676895111e-08-5.729396642369415447e-10j), (9.788322326056433080e-11+6.631121062329741682e-12j), (5.222208839710938379e-11-3.237854435852663871e-12j), (1.293684290232711846e-11+1.438595723550852173e-12j), (-1.146103705483503141e-08-1.871756421895631181e-10j), (1.682022269012130742e-11-4.638197571474797336e-12j), (4.253334457612670724e-11-3.787288774393203457e-12j), (4.631840503429431838e-11+1.154727055137991967e-12j), (7.088119033215992654e-11-1.364861817499966781e-11j), (-2.830193159914239350e-12-9.168795121730251046e-12j), (-3.883341107797914473e-11+7.648500893597342248e-12j), (4.538845231663910581e-11+2.527487051801584592e-11j), (-1.198642101874460334e-08-6.013900542748216814e-10j), (-3.779045462179498475e-11-4.240610353654505597e-12j), (-1.148349546423735587e-08-1.895608661855680038e-10j), (2.058144998372837600e-12-1.491547830810278259e-11j), (-1.320313647653973806e-08-5.503625751366748911e-10j), (-3.705026107084228682e-11-1.645441304057623673e-11j), (-4.866081764530527999e-11-1.267030830356184960e-11j), (-1.071875257281349428e-11+4.348734437892682919e-12j), (-1.331028218524125858e-08-5.786368287623910020e-10j), (3.790322100655299765e-10+7.612619223438467550e-11j), (4.080443181351058961e-12+2.222728295270352903e-12j), (-9.697988826000649037e-11-2.704682088391000884e-11j), (2.387101859551361566e-08+1.174329718511766431e-09j)
 (3.111795595100693983e-11-2.876426509533064801e-12j), (5.222955648866408691e-11+2.200877257576149186e-13j), (-1.206827282245053237e-08-1.818275566405232927e-10j), (1.027880323722060880e-10+4.209802540102308133e-12j), (4.796968001568809386e-11-2.465733296933184382e-12j), (1.730453538236404593e-11+2.307088201471435350e-12j), (-1.151698760106490324e-08-6.755377850671780083e-11j), (1.078021367471422391e-11-2.397623462762843522e-12j), (3.767905510306222909e-11-4.610005860605735897e-12j), (4.741963137066140613e-11+1.125148084142219856e-12j), (6.786673583451854753e-11-3.790452250478410041e-12j), (-4.492665590614013462e-12-2.591436291889207324e-12j), (-3.158752539848404670e-11+5.179525696198337061e-12j), (6.147047028707077814e-11+1.042554726681450882e-11j), (-1.218000177894711467e-08-1.923528946315733779e-10j), (-4.138755027780064679e-11-6.609584044828513369e-13j), (-1.154770556088346994e-08-7.138338807051391048e-11j), (-4.813694210982543899e-12-3.586302315875059971e-12j), (-1.337512417657395608e-08-1.762312073920083375e-10j), (-4.289744416625877273e-11-5.254975208542182656e-12j), (-5.234840036065927028e-11-4.126846399162087721e-12j), (-8.479375725092990085e-12+1.511169749480798530e-12j), (-1.349630391488086157e-08-1.875622578419686895e-10j), (4.257115253827784399e-10+3.277959823887811843e-11j), (4.695694474810235676e-13-2.303099186665185826e-12j), (-1.137000267757359443e-10-1.064563499257174746e-11j), (2.424827460139757921e-08+3.741804512720974719e-10j)
