 (9.304349952914035136e-18-7.807706552382319944e-16j), (-2.351009244977986831e-18-8.143165626324295459e-16j), (-2.593526019798338346e-16-1.246922646094245824e-12j), (1.199865494634759919e-18-7.749760983777604561e-15j), (-1.085580463843135214e-18-8.028771912577010133e-16j), (-2.495087753626833008e-19-5.309783571130127600e-20j), (-3.738596462160914444e-16-1.518030452177058595e-12j), (-2.134489233488237930e-18-4.278451327111696720e-15j), (4.172790042146006759e-20-2.710514898044631864e-20j), (2.572541250957845301e-21-1.918570152525006403e-15j), (6.522069281742014981e-18+4.309499718536306028e-15j), (-1.942110581942504587e-19-5.081506898279415622e-20j), (-6.116192650011606711e-18+7.913027584276006891e-16j), (-2.968660095364111510e-18+8.213229671308987475e-16j), (-2.598125046186777710e-16-1.246922728053516895e-12j), (-3.600630259471366199e-18-2.588621920679097117e-15j), (-3.787505760890879417e-16-1.523255197920331796e-12j), (-5.503552354362760348e-19+2.805128913086465434e-19j), (-2.927001926138718924e-16-1.505154275759226339e-12j), (-3.033282297364652108e-18-1.661637254498947323e-15j), (-1.436039233380543656e-18-2.607121633814089092e-21j), (-2.469737278468569847e-18-1.603438830423539708e-15j), (-2.916947886860072961e-16-1.502459552695716573e-12j), (-1.028218764960322150e-18+2.811836953163158096e-21j), (-3.188157302902375654e-18-1.053210318929103807e-17j), (5.319669340342069067e-18-7.006404498271855414e-18j), (5.191651065985131340e-16+2.493845374147754439e-12j)
 (9.252498554843738509e-18-4.677775437910763511e-15j), (-3.669657498083431381e-17-4.881955867376296066e-15j), (-9.320635901619784542e-15-7.475091371444915653e-12j), (-6.615913906215799816e-17-4.645755009962685707e-14j), (-3.335991104167166975e-17-4.813291113658405912e-15j), (-8.966690414635254707e-18-3.500336062789281792e-19j), (-1.066879135545527146e-14-9.100287020662400264e-12j), (-4.639080112712075559e-17-2.564573955580563620e-14j), (1.496131424791578351e-18-2.454330903697280192e-19j), (-3.733834794591629335e-17-1.150079050261768619e-14j), (-1.476000413419882280e-17+2.583799203726942625e-14j), (-6.979762885729971098e-18-2.817569721605515119e-19j), (1.314413812073265858e-17+4.737856910147388999e-15j), (1.906390989067730260e-19+4.922097066529128557e-15j), (-9.337164074886705084e-15-7.475091881000243037e-12j), (-2.691351590221665637e-17-1.551697316915419635e-14j), (-1.071107565486115781e-14-9.131609151467239093e-12j), (-1.977682348348335834e-17+2.101901815856230236e-18j), (-1.074328195128350445e-14-9.023159925866900683e-12j), (-4.762853485928280252e-17-9.959033772166948592e-15j), (-5.160600625642810696e-17+1.651876556721387944e-20j), (-3.656678469254375002e-17-9.609994580623230635e-15j), (-1.072729313286250826e-14-9.007003519317868076e-12j), (-3.694896662660594584e-17+9.625678659957310960e-20j), (-2.239663667557632005e-17-6.008147223272279566e-17j), (3.650593588192805152e-17-4.014119915251887504e-17j), (1.865779997650645176e-14+1.495018325244513122e-11j)
 (-1.608968289932565709e-15-2.792243633150914540e-14j), (-1.028116858781262561e-15-2.926771262152386112e-14j), (-3.349421797663237700e-13-4.480916465971110598e-11j), (-2.989833071323565174e-15-2.784363383092631244e-13j), (-1.160649737257978149e-15-2.884977468775721101e-14j), (-3.221643291171019960e-16+4.827820026011287906e-19j), (-3.765794269307703801e-13-5.455231432741896600e-11j), (-1.459894352084803917e-15-1.536227393387173075e-13j), (5.294496492847328837e-17-9.011816682686280927e-18j), (-1.555208976101898138e-15-6.890296302894098893e-14j), (-2.044131124597722493e-15+1.550300092866898132e-13j), (-2.508787954392464948e-16-2.519251372399764429e-20j), (1.859360196406639838e-15+2.817044969793070040e-14j), (6.415371872604823851e-16+2.944202307186397316e-14j), (-3.355361659808902277e-13-4.480916421618358238e-11j), (-3.382289444528688725e-16-9.296779132922831625e-14j), (-3.774882574182231736e-13-5.474015748520363902e-11j), (-7.102298771417932790e-16+3.656550043903956774e-17j), (-3.860354141096711227e-13-5.408955084534316860e-11j), (-1.333055709072546286e-15-5.961086971125788043e-14j), (-1.853804072766734703e-15+2.447729963446499381e-17j), (-9.909638567569866350e-16-5.751538567117397329e-14j), (-3.855642464640915713e-13-5.399262197033265090e-11j), (-1.326982434697220072e-15+1.939175150244415928e-17j), (-2.503919064741700257e-16-2.480133664424010511e-16j), (3.865796715208318960e-16-1.743104503333974275e-16j), (6.704783457472113723e-13+8.961832887589461081e-11j)
 (-6.851829026198516186e-14-1.593309869525255368e-13j), (-3.518711306198807956e-14-1.739815192954089131e-13j), (-1.200467780379553080e-11-2.680185857798398508e-10j), (-1.105161406480097334e-13-1.661953300734856965e-12j), (-4.136899030852614127e-14-1.705737681268956880e-13j), (-1.150789558883713215e-14+8.922310643355928583e-16j), (-1.347587259608067477e-11-3.264391469458906180e-10j), (-5.063010649950412605e-14-9.145976024364247377e-13j), (1.635825535117360625e-15-1.278835462516813109e-15j), (-5.683439893742619547e-14-4.086132015797785459e-13j), (-8.151824821427484435e-14+9.395704829122469859e-13j), (-9.024957117604774879e-15+2.434392128351191678e-16j), (7.376833636760180506e-14+1.563131053002711138e-13j), (2.645081045659330052e-14+1.727965728516880768e-13j), (-1.202598039338571261e-11-2.680175653552615415e-10j), (-8.207358222091665909e-15-5.553417653504161677e-13j), (-1.350542229452863256e-11-3.275669210559926433e-10j), (-2.528699567479549026e-14+2.973638573036590878e-15j), (-1.384171278195314127e-11-3.236292077254255703e-10j), (-4.517985799740625378e-14-3.519048431482182932e-13j), (-6.610441498322759042e-14+5.984544526617897696e-15j), (-3.320596215292057853e-14-3.397029123974246781e-13j), (-1.382508510373940447e-11-3.230459519078115749e-10j), (-4.726170532328241337e-14+4.195881560650747503e-15j), (-5.250046105611884789e-15+3.017881652216973807e-15j), (8.736302605394129017e-15+1.184946443726414938e-15j), (2.403065819718129026e-11+5.360361511350994794e-10j)
 (-2.113911159770828732e-12-7.119278429023047711e-16j), (-1.161789053485583093e-12-6.885433313308196624e-13j), (-3.932683017472724298e-10-1.488972759609762625e-09j), (-3.603758658928088732e-12-8.805541301132017270e-12j), (-1.324726177312370239e-12-5.130490160708885762e-13j), (-3.403525530709100098e-13+1.815669162709976040e-13j), (-4.499153046701476748e-10-1.836222816143578977e-09j), (-1.580099961576613678e-12-4.887575314396962011e-12j), (-8.500317885408503523e-14-1.844441162648450525e-13j), (-1.804102317630459996e-12-1.736253579641901158e-12j), (-2.431720404453664304e-12+6.965306431606951147e-12j), (-3.242112642338052088e-13+5.454050166695466239e-14j), (2.163947449269541788e-12-2.418657689819869926e-13j), (8.093163214637869554e-13+6.645570211860284694e-13j), (-3.939749633480467245e-10-1.488756249968803689e-09j), (-2.419295845251749557e-13-3.258693559632367328e-12j), (-4.509754243675730836e-10-1.842823794614344515e-09j), (-7.183284971244542976e-13+4.540665573394213874e-13j), (-4.613847830940715181e-10-1.814633794893792717e-09j), (-1.389654066221206850e-12-1.520898995859241634e-12j), (-1.892267818522490724e-12+1.124875804151785645e-12j), (-9.851545100803418921e-13-1.556285542530958201e-12j), (-4.607580042271126527e-10-1.811174773370591024e-09j), (-1.353491016347069304e-12+7.667723857777031726e-13j), (-5.003628949896388137e-14+2.425776968255742374e-13j), (3.524727320218737871e-13+2.398631014485138002e-14j), (7.872432650953156388e-10+2.977729009578561558e-09j)
 (-1.765727985018447095e-12+2.325195546207980317e-11j), (-6.984801402132633062e-12+1.511271906320136405e-11j), (-3.872365014905000128e-09-3.348377522069231683e-09j), (-2.768015491122349084e-11-1.142613800122374756e-12j), (2.742303933285997525e-13+1.571759365348233704e-11j), (1.266626160873784960e-12+3.803408321429916435e-12j), (-4.862262786457909570e-09-4.224759160542641834e-09j), (-1.317917012586060544e-11-8.683375742660728210e-12j), (-5.812940986203519429e-12+9.214092766180136188e-12j), (-1.700187203159490513e-12+1.496594924573828514e-11j), (2.151726997359368516e-11+6.891182815446074730e-11j), (-3.920239345867702416e-12+7.761146951769065246e-12j), (-6.018759345975717167e-12-2.169783842476659155e-11j), (1.781999442043037037e-12-4.571663814248005209e-12j), (-3.877486706549893402e-09-3.333581371245624900e-09j), (-7.503482743432050857e-12-1.661255412206791119e-11j), (-4.875548378617297712e-09-4.244974722695292762e-09j), (5.970007411495497840e-12+6.617654267060431516e-12j), (-4.882100027448561663e-09-3.943565188970986633e-09j), (-3.880903405137940384e-12+9.187005929745387064e-12j), (8.863754465211421532e-12+1.834992450118970706e-11j), (-5.097312111622828299e-13+1.685883446707893716e-12j), (-4.870777334547750400e-09-3.934219597942563964e-09j), (1.931263188274996153e-12+1.087498342566940130e-11j), (7.784487330994926213e-12-1.554117037313411149e-12j), (5.202801960089070151e-12-1.054105524895328695e-11j), (7.749851721454886913e-09+6.681958893314845416e-09j)
 (7.673254846408212201e-11+7.645358738640115203e-11j), (3.408621163006183659e-11+3.924491439113878725e-11j), (-7.808907494709912909e-09-2.516810446102719784e-09j), (3.056337720613534095e-11+4.467101560247043701e-11j), (7.442304451796965515e-12+1.952542842378647700e-11j), (9.904499464597741490e-12+2.060125648184467500e-11j), (-9.677522204573637710e-09-3.823074689515179226e-09j), (-1.006105920776270179e-11+6.868239814081334382e-12j), (1.078940295340411170e-11+2.360740131213494850e-11j), (3.994405148603205620e-11-2.127046364260662647e-11j), (1.597019326388037010e-10+6.971039703646265191e-11j), (2.376875453201338316e-11+3.468075365568302536e-11j), (-3.037221731637736638e-11-3.909126518015636135e-11j), (9.353900207391509927e-13-2.826149984096807568e-11j), (-7.750687969445413135e-09-2.507482856780556426e-09j), (-3.184508608027297240e-11-1.608194249753256331e-11j), (-9.738077328123757748e-09-3.892284337337408202e-09j), (-3.736606335210051524e-12+2.725246148752721379e-11j), (-9.097366567013395133e-09-2.757268283790273628e-09j), (1.781489967823278962e-11+2.253389141088659778e-11j), (7.440277846487789271e-11+2.803179666133322808e-11j), (-7.842894255863226572e-12-2.776510286805602085e-12j), (-9.076288720763943047e-09-2.772986069931643887e-09j), (3.817188645942857702e-11+1.503172454829920362e-10j), (-4.636033114770460054e-11-3.736232220624435124e-11j), (-3.502160165080034680e-11-1.098341455016967275e-11j), (1.555959546415535582e-08+5.024293302883272074e-09j)
 (8.139889890607644839e-11+6.387901532502986524e-11j), (5.334633165436614593e-11+9.956583466121701774e-11j), (-1.015709511649148012e-08-1.857495479429365084e-09j), (6.595048425966212461e-11-1.302591170734789953e-10j), (4.477150883573601459e-11+6.025604604796660027e-11j), (1.663883688055212839e-11-1.443720961931012165e-11j), (-1.190591374856410777e-08-5.603406700351452883e-09j), (6.819400593239541050e-12-4.798079092195958992e-11j), (5.882480252880319164e-11+1.899574011963138423e-12j), (3.218796134731667948e-11-2.188103682106019652e-10j), (1.274351901045680924e-10-4.743448236340026351e-11j), (5.207986654860560445e-11-3.521242477886628363e-12j), (-6.440996064404021730e-11-8.282323365477880533e-11j), (-3.065297791910983237e-11-1.084781915407908508e-10j), (-1.016425808854689408e-08-1.923813299225298223e-09j), (-4.745993390262856101e-11-4.696162537227641479e-11j), (-1.193465055904761645e-08-5.796239715963481269e-09j), (5.280744253012899725e-11+2.080076553958456772e-11j), (-1.171683244778974064e-08-1.844057058123427532e-09j), (2.851108825196495143e-11-1.494526400121035947e-11j), (-8.184034771076838809e-12-4.714094951095469566e-11j), (-2.866758670866395995e-11+8.985107165880902287e-12j), (-1.174016240975530333e-08-1.892972304740388289e-09j), (2.060535885599176054e-10+1.249038329308818598e-10j), (-1.698893826203660590e-11+1.894421832974965742e-11j), (-2.269335373526141234e-11+8.912356879573227168e-12j), (2.032135320503834111e-08+3.781308778654663100e-09j)
 (5.196348692375969739e-11+5.039522673229021001e-10j), (6.749995378436044965e-11+5.045250692939668890e-10j), (-1.172202590570486020e-08-5.947903404035725652e-10j), (1.003614286898360736e-10-8.351149072911815806e-10j), (4.407395309473463371e-11+2.456829211504363374e-10j), (-1.564755326524589528e-11+6.431869947063103423e-12j), (-1.282086583521481049e-08-2.707694652537454550e-08j), (6.464284225301823355e-11-3.535197341549561570e-10j), (6.066714310821430829e-11-1.514375792508476915e-11j), (7.036249264032547582e-12-1.244957836888408032e-09j), (5.691959071657801962e-11-2.583688635644261464e-11j), (2.890113378648734577e-11+1.545306516152523928e-11j), (-7.968344649282764505e-11-4.914209321378538265e-10j), (-2.464501362925404438e-11-6.223894096615858494e-10j), (-1.180757912727374994e-08-6.267242337445096385e-10j), (1.049362168111498279e-13-2.862567450710905162e-10j), (-1.284123529930579318e-08-2.849965930297460040e-08j), (2.990200772548082744e-11+7.335833300345304589e-11j), (-1.320483377828938891e-08-4.565857601509071137e-10j), (-2.570883927072364801e-12+2.019038956200551897e-11j), (-5.958231787253098593e-11+3.796468016500337876e-12j), (-3.348550308009530494e-11+1.506242160037005700e-10j), (-1.329241378661583923e-08-4.562611380539254107e-10j), (3.363535645461418082e-10+8.617575910915268019e-11j), (2.771995956906596695e-11-1.253133518505015583e-11j), (-4.285494015510616940e-11+1.178643403676186243e-10j), (2.352960503297860187e-08+1.221514574148079515e-09j)
 (6.282042382779099544e-11+2.886091670195476947e-09j), (7.180185935665911654e-11+3.009350362673871779e-09j), (-1.209205322437239080e-08+7.369357799396981816e-10j), (1.443283098502135670e-10-5.258039555802639771e-09j), (4.290622315578812153e-11+1.490585636806683240e-09j), (-1.256168558646897010e-11+8.672092949983732556e-11j), (-1.369283205321369345e-08-1.570129360537435893e-07j), (6.010890006615544776e-11-2.313540859620026273e-09j), (4.250284813237981837e-11-8.588721112040855808e-11j), (8.248590681438862322e-14-7.372989887030451709e-09j), (4.539060674629213133e-11-1.033785303698294281e-10j), (2.801913553530713082e-11+1.107166600230628982e-10j), (-8.292687794523348217e-11-2.806012621040834333e-09j), (-4.057024549731128148e-13-3.747972081003479679e-09j), (-1.219221896059688384e-08+7.864864647064051771e-10j), (1.899894677410478630e-11-1.877669043587539448e-09j), (-1.373290961838117306e-08-1.653650708153312449e-07j), (1.694104899703914559e-11+4.765487344505024958e-10j), (-1.346875622555886655e-08+1.424825288969413233e-09j), (-2.772589083556926027e-12+1.915868168673202285e-10j), (-5.289770212986312112e-11+1.261835830393084025e-10j), (-2.947219668511204234e-11+9.047300830987242284e-10j), (-1.357365230285669768e-08+1.643450249963188626e-09j), (4.262503589905742853e-10-3.977119571834065966e-11j), (2.010645411744154645e-11-8.007904915464036537e-11j), (-7.139615690168664229e-11+7.386217183296102785e-10j), (2.428427218496915387e-08-1.523422244646106150e-09j)
