 (5.002909977819202247e-18-7.705630548503392655e-16j), (-1.935485784995716962e-18-8.156011751906952570e-16j), (-2.593764170923292965e-16-1.246922654759773765e-12j), (-1.209920103805189407e-19-7.746130954466895822e-15j), (-1.130786294270545586e-18-8.036698859186862318e-16j), (-2.483569754135381386e-19-5.331785686940686487e-20j), (-3.153116513454799162e-16-1.518067495530900654e-12j), (1.125687606696616414e-18-4.273293161553883901e-15j), (3.929081639003965648e-20-2.540612259260773627e-20j), (-7.904287774418061261e-20-1.916655533958432517e-15j), (3.597160412669546027e-18+4.318373692919984542e-15j), (-1.948994476073036800e-19-5.166134252522779904e-20j), (-6.927622172372085946e-18+7.759575711501769833e-16j), (-2.641821153689757131e-18+8.160400126166986994e-16j), (-2.598361239197358538e-16-1.246922736174848043e-12j), (-3.663174693642768694e-19-2.587920433127534092e-15j), (-3.191816908963644369e-16-1.523298122687254009e-12j), (-5.502294331506269007e-19+2.802734720151331443e-19j), (-3.016335079972551111e-16-1.505161418237495807e-12j), (-1.029059669692896719e-19-1.658925696053105352e-15j), (-1.430377633990152441e-18-4.556801085769946862e-21j), (1.896443957158473657e-19-1.600579953298006837e-15j), (-2.983448558485572599e-16-1.502461718307701341e-12j), (-1.024378746668964039e-18+2.964311284501045583e-22j), (1.924712194552883313e-18-5.394516299353093659e-18j), (4.577306938685487190e-18-4.388374261667427028e-19j), (5.192125410120640163e-16+2.493845390934634126e-12j)
 (3.926733439813942639e-18-2.769260938504509629e-15j), (-1.399840255992941218e-17-2.931100313533869451e-15j), (-3.349972753936260688e-15-4.481204946040904733e-12j), (-2.283919964411095638e-17-2.783819962021142763e-14j), (-1.238952038561048356e-17-2.888234683958197098e-15j), (-3.207690766244310979e-18-2.057630874070402758e-19j), (-3.834338313314209185e-15-5.455615699617552229e-12j), (-6.507116470121478237e-18-1.535699231130188306e-14j), (5.070947804679469467e-19-9.859526903219816127e-20j), (-1.182426382751228301e-17-6.888057689197970416e-15j), (-3.736920697034281850e-18+1.551970739603465377e-14j), (-2.517230641132649875e-18-1.868664776231597436e-19j), (-9.396182774841785799e-18+2.788145343294237984e-15j), (-3.971324198094373690e-18+2.932659899314792094e-15j), (-3.355910121198542123e-15-4.481205241736767524e-12j), (-3.151359720191458235e-18-9.300142740502818354e-15j), (-3.853781595122078381e-15-5.474412962859517402e-12j), (-7.106163482237269924e-18+1.130557197072330369e-18j), (-3.871287660000203001e-15-5.409271522738613518e-12j), (-9.715205217620957494e-18-5.961428866796480558e-15j), (-1.847399289185964147e-17-3.843902342780259633e-20j), (-6.252696693716572754e-18-5.751708179144685519e-15j), (-3.856432882175857158e-15-5.399569154463026840e-12j), (-1.323010838432788631e-17-7.098670635682925668e-21j), (5.469449335028558836e-18-1.888440478876028443e-17j), (1.796972675802344228e-17-1.559585780249783522e-18j), (6.705882875134803206e-15+8.962410187777711031e-12j)
 (-1.672818290810151025e-16-9.951337712268090395e-15j), (-1.412155216555550656e-16-1.053314436345425369e-14j), (-4.326615504702965890e-14-1.610449078374504372e-11j), (-3.709025807970498247e-16-1.000433624790214048e-13j), (-1.520017529581170027e-16-1.037914548095681715e-14j), (-4.143006753932421928e-17-7.804497434222214139e-19j), (-4.878726171588573733e-14-1.960631386715003953e-11j), (-1.593131802506772801e-16-5.518327488438839709e-14j), (6.531368693811741141e-18-6.243599126132347899e-19j), (-1.913967902739439549e-16-2.475285948704630258e-14j), (-2.288836909770425500e-16+5.577852823849741237e-14j), (-3.251162780143221372e-17-6.523412543818150226e-19j), (1.662471582111252782e-16+1.001257396110196945e-14j), (5.697264452911091387e-17+1.053851108682466282e-14j), (-4.334283981545509276e-14-1.610449172943862730e-11j), (-3.480764163608923910e-17-3.341772043573361119e-14j), (-4.893094501591974926e-14-1.967386903601148153e-11j), (-9.176328337497697917e-17+5.993100830847831331e-18j), (-4.989430893355006477e-14-1.943978764149592229e-11j), (-1.554410510008867246e-16-2.141778223033962227e-14j), (-2.385950018434925350e-16+4.608832014953157615e-19j), (-1.118584294667632282e-16-2.066371412307110563e-14j), (-4.980147546493053453e-14-1.940491632359965994e-11j), (-1.708591189358994510e-16+4.818561556508075554e-19j), (1.034670869880667257e-18-6.123624883935906468e-17j), (8.424287712645562720e-17-5.366723373032145703e-18j), (8.660899486248471380e-14+3.220898251318347069e-11j)
 (-2.940954321302475821e-15-3.571887365760710944e-14j), (-1.681633203913756961e-15-3.783293833819675163e-14j), (-5.587364377365209098e-13-5.787077192704501191e-11j), (-5.060906108298439986e-15-3.594706564050975334e-13j), (-1.934120495499552351e-15-3.727456360934305451e-14j), (-5.350476346631839235e-16+3.244757995306616534e-18j), (-6.275429296088085824e-13-7.045570549543926287e-11j), (-2.324054948648207030e-15-1.982093528695807993e-13j), (8.334663160265135955e-17-1.386553208763421330e-17j), (-2.609732205372505153e-15-8.891227686346263889e-14j), (-3.601844344040787912e-15+2.005489582842458318e-13j), (-4.199192411268488201e-16-4.811425388978781839e-19j), (3.174173528954676293e-15+3.584687735127511054e-14j), (1.123238267403284472e-15+3.784865021939597647e-14j), (-5.597268177650177828e-13-5.787076652373810226e-11j), (-4.260973304626754003e-16-1.200273756658554210e-13j), (-6.290168832231503896e-13-7.069850654881961756e-11j), (-1.184183128214343600e-15+6.211894393007366539e-17j), (-6.439542187771751949e-13-6.985695676338402887e-11j), (-2.112079997429107631e-15-7.686835888134656384e-14j), (-3.080684102907435070e-15+5.040345960453940849e-17j), (-1.553124528642052130e-15-7.415749378922653259e-14j), (-6.431086810745854249e-13-6.973160044194262683e-11j), (-2.205631653148365179e-15+3.670145509713021878e-17j), (-2.332192076523535111e-16-1.280036936372871938e-16j), (5.583949365105178492e-16-1.571188120817231206e-17j), (1.118463255501534553e-12+1.157415384507832693e-10j)
 (-4.058702646585141303e-14-1.262751583405507166e-13j), (-2.119018768908486940e-14-1.351240950977865262e-13j), (-7.205147826887819833e-12-2.077098692143721223e-10j), (-6.618076907852471232e-14-1.289170157355888112e-12j), (-2.483322654316672715e-14-1.327946462973770259e-13j), (-6.892552216556137735e-15+3.942265909313431091e-16j), (-8.086725443450659786e-12-2.529379140244495772e-10j), (-3.076531256978615647e-14-7.100448112697534429e-13j), (1.001114232580272946e-15-5.711597912751426084e-16j), (-3.410255611219202044e-14-3.178157512945323808e-13j), (-4.857763061411179740e-14+7.240307758430706579e-13j), (-5.424084825580268227e-15+9.741701061486386132e-17j), (4.430679359469224644e-14+1.252574940001162443e-13j), (1.579986966993953476e-14+1.351170115351386994e-13j), (-7.217924594200316268e-12-2.077093982305023053e-10j), (-5.320606403232995105e-15-4.304053976360705842e-13j), (-8.104479100006944300e-12-2.538104758493990165e-10j), (-1.521098217977060764e-14+1.469926383945117512e-15j), (-8.305252548062915303e-12-2.507745004898443551e-10j), (-2.747608487130274351e-14-2.740418996079945919e-13j), (-3.964431031182664591e-14+2.706091883808492868e-15j), (-2.026999881530453131e-14-2.644686712348285193e-13j), (-8.295500972706310254e-12-2.503236338479163162e-10j), (-2.836372196152376429e-14+1.894618296376313315e-15j), (-3.719767128844503978e-15+1.017664340370115651e-15j), (5.390318019145587865e-15+7.083562651340193266e-18j), (1.442307242108813125e-11+4.154192674448737814e-10j)
 (-5.140721084334661668e-13-3.597300555934148422e-13j), (-2.675514170810553414e-13-4.489553070652079043e-13j), (-9.123174326979162197e-11-7.343641573525855552e-10j), (-8.391846123817259978e-13-4.515593456095800209e-12j), (-3.128299997406043498e-13-4.248914382111328795e-13j), (-8.563748108205181534e-14+1.991420848090086662e-14j), (-1.028134624504515035e-10-8.968090146834914198e-10j), (-3.852260134547597276e-13-2.484278175703478084e-12j), (5.052541198489876900e-15-2.412426167634126485e-14j), (-4.299615731414784606e-13-1.068933215576546430e-12j), (-6.081184964994819925e-13+2.738429399579195019e-12j), (-7.005279522258357664e-14+5.179318673089559693e-15j), (5.545000760897055983e-13+3.254766610125671794e-13j), (2.002530372108474064e-13+4.483491294640706663e-13j), (-9.139405420959987197e-11-7.343413200081723960e-10j), (-6.357420294774167086e-14-1.532990160531799268e-12j), (-1.030406508071551782e-10-8.999302026330899855e-10j), (-1.865815460788067859e-13+5.328045923693499824e-14j), (-1.055696664627097561e-10-8.885506820224147497e-10j), (-3.419214713975291387e-13-9.178868446229655796e-13j), (-4.888581386680088469e-13+1.261764220148949046e-13j), (-2.498873541784467666e-13-8.939462799657324436e-13j), (-1.054437861622428575e-10-8.869311977928813553e-10j), (-3.491669142795229317e-13+8.717697020256045023e-14j), (-4.042796765624939643e-14+3.425339458008116768e-14j), (6.729837987021820921e-14+6.061776011150579063e-16j), (1.826257974793918171e-10+1.468705477360762914e-09j)
 (-4.593922283352446116e-12+1.902466794356301617e-12j), (-2.804413255750501478e-12-2.303333280530375502e-13j), (-9.443462185060643188e-10-2.204852821404720640e-09j), (-8.591075634225709436e-12-1.199665702379204710e-11j), (-3.008367731486419909e-12+3.864585552696420127e-13j), (-6.764572286135450096e-13+6.804549019450660308e-13j), (-1.108487717436472510e-09-2.760561798192362190e-09j), (-3.726579623181235261e-12-6.959485395180718559e-12j), (-6.363180694048469979e-13-5.071677972987370914e-13j), (-4.098139839729911770e-12-1.255407162445853574e-12j), (-4.927628471867751773e-12+1.439240871793695368e-11j), (-8.769208651257440527e-13+2.670103822448056115e-13j), (4.503017220746486985e-12-2.582894389990608737e-12j), (1.778378612552832070e-12+4.014198738024257902e-13j), (-9.460725326582984659e-10-2.203964889430764882e-09j), (-6.547825894132991926e-13-5.353241073580200754e-12j), (-1.111249778460809526e-09-2.770912148128883707e-09j), (-1.325911537255092774e-12+1.644183059762584217e-12j), (-1.134243385461809857e-09-2.714360274957933117e-09j), (-3.162277920908169897e-12-1.299058584947010349e-12j), (-3.544075234638965285e-12+4.107586066835030254e-12j), (-2.159233091718951556e-12-1.652461643906167245e-12j), (-1.132571774893812442e-09-2.708892277975518426e-09j), (-2.572238006350955832e-12+2.773056697762054384e-12j), (9.090506260629664986e-14+6.804275956350147470e-13j), (1.026034643197618921e-12-1.710865457495181685e-13j), (1.890418751164361130e-09+4.408817710835491726e-09j)
 (-5.518200328508707338e-13+2.297486867524323903e-11j), (-7.145937803623631165e-12+1.516490741561668687e-11j), (-3.871067881004580268e-09-3.347922633383371039e-09j), (-2.728167605449750526e-11-1.275951163578928160e-12j), (2.127919295274314620e-13+1.575684539594941975e-11j), (1.195583303336743928e-12+3.804966674510671970e-12j), (-4.866155423773251308e-09-4.223017059091019802e-09j), (-1.295911626730541659e-11-9.309312482617326383e-12j), (-5.430849522699522016e-12+9.106845706182749833e-12j), (-1.523101901406404475e-12+1.483777085765396176e-11j), (2.251823849871974204e-11+6.859708715347872871e-11j), (-3.885871934638914122e-12+7.787298790110974455e-12j), (-7.385183156420864743e-12-2.065492710415430648e-11j), (1.263631217535961429e-12-4.264173615159793665e-12j), (-3.876171903331252008e-09-3.333166221031998901e-09j), (-7.684498058447250717e-12-1.695914993675992826e-11j), (-4.879966298950659884e-09-4.242842733854070389e-09j), (5.938653617986302484e-12+6.617753812928250071e-12j), (-4.882750568022559578e-09-3.942980521546818032e-09j), (-3.857675199965548243e-12+8.738363945010906377e-12j), (8.364315929132523373e-12+1.836336320023159891e-11j), (-4.662099900599528269e-13+1.240646971429442009e-12j), (-4.871114255790526768e-09-3.934158686510573477e-09j), (1.480243981731397142e-12+1.102550195981279447e-11j), (7.937003189270232375e-12-2.319941571089882922e-12j), (5.882306586086891022e-12-1.090073380045680192e-11j), (7.747239784335823177e-09+6.681088854415378212e-09j)
 (2.694159807012481591e-11+7.215847522364005750e-11j), (2.213410976704508519e-11+3.790406488438911502e-11j), (-6.936370385300185565e-09-2.906943425699438438e-09j), (-1.041754448005834658e-11+4.253417860652249605e-11j), (1.272931021211471774e-11+8.159699594397678809e-12j), (-4.129455616024687320e-13+1.068232928175544045e-11j), (-8.448977872334962269e-09-3.991747365465766110e-09j), (-1.848518783872678345e-11+3.983876790570950381e-12j), (9.562155030240642834e-12+1.334991740326825870e-11j), (3.229320405949362831e-11+4.028723841360528373e-13j), (1.100231846364034384e-10+8.346976886638463627e-11j), (8.570583909299187315e-12+2.559091371569619133e-11j), (-1.900137268101275060e-11-2.980012518739993681e-11j), (3.229065174393200148e-12-1.678225549242290184e-11j), (-6.895674294719643505e-09-2.875654156860902529e-09j), (-2.856822324908424470e-11-1.957678052791134013e-11j), (-8.480286364598895700e-09-4.050683675238921864e-09j), (-6.702878991972984041e-12+5.704437089999669342e-12j), (-8.167970266982928235e-09-3.154912063553089689e-09j), (8.428925634001358030e-12+1.661014218918346259e-11j), (3.272044510687768326e-11+4.311516217449943807e-11j), (-4.958104441124185815e-12-7.540246682577640038e-12j), (-8.142591325058696438e-09-3.158220543389062579e-09j), (-2.492553256499034414e-11+8.246575932548165278e-11j), (-7.940225389111451379e-12-4.235835003623981050e-11j), (-2.536317494143939726e-11-2.112180939196617117e-11j), (1.383204468001981501e-08+5.782597582560347171e-09j)
 (1.021051745088914676e-10+2.944341498319709662e-11j), (4.420308294837783822e-11+4.988522149402959716e-11j), (-8.811597461531322564e-09-2.165470322077279386e-09j), (7.437712458477998686e-11-1.957012393098967910e-11j), (2.497145026505444555e-11+4.025627354114650588e-11j), (3.236566418443857914e-11+7.235200175365448847e-12j), (-1.101852639098401473e-08-3.749948514259035144e-09j), (1.894523769386896198e-12-9.882979003507410374e-12j), (3.827452457581131493e-11+2.913091862806563156e-11j), (4.296140829921331391e-11-7.695332697657847578e-11j), (1.861122132644001616e-10-1.799794820284660378e-11j), (5.365502159432875988e-11+2.269785947371390790e-11j), (-4.587116975195931034e-11-4.145849735376134371e-11j), (-1.032360765635129926e-11-5.290344858017822566e-11j), (-8.757970131296143693e-09-2.200628754903003577e-09j), (-3.334280595990528494e-11-2.681391657659783724e-11j), (-1.109128007154985387e-08-3.815352315952411762e-09j), (3.089659776947092704e-11+3.993346569377747429e-11j), (-1.025030774593098488e-08-2.351031443939200858e-09j), (3.838761903255357486e-11+9.964948030931365967e-12j), (6.900268751268902618e-11-4.099065488880666832e-11j), (-9.253208526668846848e-12-7.152765323382542978e-12j), (-1.024140055618898684e-08-2.381666081413490386e-09j), (1.633794297494984872e-10+1.320693378268689087e-10j), (-5.623400475693183413e-11+1.201508237056578674e-11j), (-3.387947529202745338e-11+3.018227086148263781e-12j), (1.756956759282745964e-08+4.366099076980272623e-09j)
