 (4.855666968427343334e-14-5.733975425558626818e-14j), (-3.498723200000202341e-14+3.771495359561149319e-14j), (-1.640423930744071645e-09-2.606739762904105608e-09j), (1.913987051739847779e-14-2.431485568229133409e-14j), (2.956556721151013402e-14-3.121325859151358637e-14j), (-3.678010755418987540e-15+6.027575977464257061e-15j), (-1.988005200787109258e-09-3.362948065640224784e-09j), (-3.300919610538088802e-15+6.338225093522485360e-15j), (4.886772683243797617e-14-7.336905945170468856e-14j), (1.963054849942322251e-14-2.466202205502315028e-14j), (3.031947673889421262e-14-3.111916595095932221e-14j), (-3.628035574491012438e-15+6.081070670661271237e-15j), (-1.008092420505289131e-14+8.105478400582048015e-15j), (1.722197960124304434e-14-2.691630313947935199e-14j), (-1.640401095854326260e-09-2.606771380229588974e-09j), (-7.473982968085325397e-16+6.394619125063118263e-15j), (-1.987971659332488886e-09-3.362998386301151185e-09j), (3.143653820920400755e-14-5.501793593293836757e-14j), (-2.008381070506110930e-09-3.277392489346778075e-09j), (-1.182947389614921987e-14+2.075732736444721881e-14j), (6.152984520580963260e-14-6.691517300501715387e-14j), (-6.735822858234917556e-15+1.369172421991879622e-14j), (-2.008363130231347079e-09-3.277425368903259192e-09j), (8.598911534795751737e-15-2.407335468473354461e-14j), (-3.847574547948946156e-14+4.923427585573698201e-14j), (1.776525239858105623e-14-1.079865045658401492e-14j), (3.280825026598404316e-09+5.213511143133840993e-09j)
 (5.308053894408407835e-14-1.223340075299377342e-13j), (-4.059864606861218328e-14+8.467244754094574165e-14j), (-2.576229608424353308e-09-2.941113263485068294e-09j), (1.861109738911293410e-14-5.230074815828191739e-14j), (3.573991284645378867e-14-6.947956324972985526e-14j), (-2.282302074445880484e-15+1.275386420772109697e-14j), (-3.256112114574115981e-09-3.840216775153660386e-09j), (-1.592938106755842611e-15+1.143964414623676024e-14j), (4.068036163108727390e-14-1.461844601436437139e-13j), (1.940756470271040863e-14-5.314900503098737333e-14j), (3.760889488823221827e-14-6.950570308996349860e-14j), (-2.109484497647890212e-15+1.284467930749391869e-14j), (-1.384775091009992035e-14+2.104460515425302395e-14j), (1.206183703623553695e-14-5.381344941851291566e-14j), (-2.576208719429916453e-09-2.941178742387266556e-09j), (4.463574710647726602e-15+9.786354868084929779e-15j), (-3.256084823587701267e-09-3.840317692559597576e-09j), (1.871999114603305645e-14-1.053460214398218410e-13j), (-3.251705263312807184e-09-3.690389126869277888e-09j), (-6.212065816103896402e-15+4.087158721616000348e-14j), (7.668211308670325973e-14-1.407802132649506735e-13j), (-1.824771051290530368e-15+2.612226743378662743e-14j), (-3.251695818966704013e-09-3.690451387754621121e-09j), (-3.337206903155421349e-15-4.234559896903101319e-14j), (-3.923278803362096485e-14+1.012894023747500615e-13j), (2.853680903254612048e-14-3.085899812224882576e-14j), (5.152438327854286718e-09+5.882292005872307968e-09j)
 (3.623471282239893325e-14-1.827463217839958963e-13j), (-2.883433621634662793e-14+1.306621728365051841e-13j), (-3.283231910803523736e-09-3.038598447891241740e-09j), (7.218002280290155394e-15-7.767983009846413741e-14j), (2.910390132039967008e-14-1.077346331218969242e-13j), (2.319935996637629009e-15+1.875272235747913297e-14j), (-4.239917794810492690e-09-3.943899541120807413e-09j), (1.225761893792809585e-15+1.477303578849818939e-14j), (8.767785447258398785e-15-2.075865692522750240e-13j), (8.238802418650064186e-15-7.915775575345213956e-14j), (3.244190897765792130e-14-1.082377706161763110e-13j), (2.673951088194348856e-15+1.884391551975029116e-14j), (-1.208624822607741660e-14+3.544225362190520611e-14j), (-3.077722274653805068e-15-7.442351195250484196e-14j), (-3.283225154023315250e-09-3.038694179709797317e-09j), (1.071091878487794146e-14+9.225431483178157525e-15j), (-4.239913930183449246e-09-3.944042705948698318e-09j), (-1.058088422800288118e-14-1.428216274937945972e-13j), (-4.187386733376222109e-09-3.747592799152875178e-09j), (7.194316721196499572e-15+5.598744330367967587e-14j), (7.411351511225185615e-14-2.138072774798250157e-13j), (7.943839869333336947e-15+3.467221814126778815e-14j), (-4.187395243079875621e-09-3.747676569422859388e-09j), (-2.196015247312166897e-14-5.140080809532250001e-14j), (-2.414846459662101401e-14+1.473040681629188490e-13j), (3.191205848998104209e-14-5.623866088387034415e-14j), (6.566457064826847671e-09+6.077292627601110609e-09j)
 (9.069022692923203270e-15-2.316650754779672084e-13j), (-6.882797900777144865e-15+1.684442171581736838e-13j), (-3.822608369684358088e-09-3.047291115957931639e-09j), (-9.778327141886258129e-15-9.673587135262404797e-14j), (1.475451329573121668e-14-1.408519430390953511e-13j), (8.969832840248355832e-15+2.290440291897661219e-14j), (-4.980759107439277993e-09-3.899869187811837626e-09j), (3.729082364906794320e-15+1.685726287051145559e-14j), (-3.295206693233837896e-14-2.530995041958176832e-13j), (-8.617665019298782701e-15-9.892986557757456510e-14j), (1.973480055236737495e-14-1.421953404248337030e-13j), (9.541546918585304545e-15+2.295208395967876922e-14j), (-6.105778953185676498e-15+4.811522146239501942e-14j), (-2.109527029457631234e-14-8.672727421203158513e-14j), (-3.822622067469934608e-09-3.047409929349403241e-09j), (1.545844649516935977e-14+5.883406271143422098e-15j), (-4.980785668566069243e-09-3.900042847727862848e-09j), (-4.416099757244520371e-14-1.659824353295514901e-13j), (-4.873280205560624898e-09-3.679528607440693901e-09j), (2.325689771518480262e-14+6.483340928591283892e-14j), (6.241190969749911151e-14-2.807228734425236501e-13j), (1.906992078042158257e-14+3.888437962609603728e-14j), (-4.873309086253525584e-09-3.679625701669337241e-09j), (-4.048785226410035203e-14-5.187127360764177311e-14j), (-2.963243739845855912e-15+1.835498540151446642e-13j), (2.797806819477380774e-14-8.171694294576830478e-14j), (7.645230437154366314e-09+6.094701045307386165e-09j)
 (-2.100946217647165475e-14-2.700830251616885416e-13j), (1.910740168012634487e-14+1.973256672618875651e-13j), (-4.249042858602582542e-09-3.020861561807479150e-09j), (-2.849998531672507346e-14-1.097288569864046707e-13j), (-3.177235154526059485e-15-1.682414321692686160e-13j), (1.660641212127944759e-14+2.500141514675325361e-14j), (-5.549798884326506962e-09-3.802814596176607262e-09j), (5.601889009005171633e-15+1.851810362094386284e-14j), (-7.675851049574746471e-14-2.853199780890308987e-13j), (-2.728613526496093614e-14-1.127081472688938474e-13j), (3.509949839600846045e-15-1.707200506730856413e-13j), (1.741819156645252609e-14+2.496462355516230017e-14j), (2.127233988189647573e-15+5.804396293806468524e-14j), (-3.796698112153096652e-14-9.273357730031239772e-14j), (-4.249079233353533777e-09-3.020996539919726365e-09j), (1.806904082945170035e-14+1.485217049734672000e-15j), (-5.549857134120541014e-09-3.803008903738780829e-09j), (-7.606406068914679877e-14-1.786702523738213568e-13j), (-5.390666074196391499e-09-3.576208345680411443e-09j), (3.918343472125924616e-14+6.873377489790656486e-14j), (4.660151937626656046e-14-3.418005629118509644e-13j), (2.980833835195023990e-14+3.984565169212031988e-14j), (-5.390714616942396135e-09-3.576312811986073405e-09j), (-5.597885544939485638e-14-4.670793597856121847e-14j), (1.888222818808799551e-14+2.120390622250442478e-13j), (1.885957944129002224e-14-1.045920899612380903e-13j), (8.498122091956241222e-09+6.041858101727315116e-09j)
 (-7.847942326035940834e-14-3.260498793132683148e-13j), (7.108816024362528266e-14+2.348924895553001653e-13j), (-4.889650113723935932e-09-2.932176656512670346e-09j), (-6.439548151140096316e-14-1.228021410964026940e-13j), (-4.171950224683607847e-14-2.094455403311175127e-13j), (3.225333030123801127e-14+2.394258058800375369e-14j), (-6.366508463383002789e-09-3.574469535934777020e-09j), (8.312767192974303896e-15+2.234924853364052554e-14j), (-1.593590299780972075e-13-3.228121425118485945e-13j), (-6.336720259752854712e-14-1.275134785251268032e-13j), (-3.156314944476896180e-14-2.148021679115645193e-13j), (3.358457382691632285e-14+2.363099097009251372e-14j), (2.026097508362887201e-14+7.048691030171992081e-14j), (-6.405669406400784179e-14-9.481504432290355338e-14j), (-4.889730733637324884e-09-2.932328539315131733e-09j), (1.849039160303881290e-14-6.321912027860575147e-15j), (-6.366625425312948229e-09-3.574685395480651130e-09j), (-1.289395512075950103e-13-1.864320394536117691e-13j), (-6.126750897360556043e-09-3.365536327443347196e-09j), (6.716915089305188109e-14+6.737860082231476580e-14j), (1.049215003876646994e-14-4.514813272362839152e-13j), (4.827688711459877268e-14+3.601248738811720166e-14j), (-6.126833437886073819e-09-3.365644986036197726e-09j), (-7.623076876345825361e-14-2.879565586079641243e-14j), (5.821844817687175821e-14+2.555629690123834379e-13j), (-7.031466179609814157e-15-1.400774452338861201e-13j), (9.779380847361154110e-09+5.864505195827817796e-09j)
 (-1.284812238685683320e-13-3.664568588127473946e-13j), (1.165164138384304765e-13+2.559400357784852694e-13j), (-5.355992657685658753e-09-2.832752768975525126e-09j), (-9.521030038128760254e-14-1.255479394295293142e-13j), (-7.893873556692589238e-14-2.383437704311097206e-13j), (4.647459685949585365e-14+1.793441936004337962e-14j), (-6.929048459760917443e-09-3.358098857096883188e-09j), (1.140206855709805109e-14+2.742150281315846403e-14j), (-2.308395848675172573e-13-3.386461101025238287e-13j), (-9.480573919405254325e-14-1.321121869048974241e-13j), (-6.522906563785114399e-14-2.471043538247204468e-13j), (4.835352076365596080e-14+1.722798917264650239e-14j), (3.701517066656027280e-14+7.621082607964031790e-14j), (-8.115881537108960793e-14-9.209046300312720930e-14j), (-5.356111794703647923e-09-2.832908833550242078e-09j), (1.629881148311454908e-14-1.066878277369735327e-14j), (-6.929214850510913271e-09-3.358320996460568138e-09j), (-1.683316619062598397e-13-1.834230096903219770e-13j), (-6.637585108080573257e-09-3.182230757138568596e-09j), (8.957778488262981280e-14+5.957479076691071906e-14j), (-2.758949821353251861e-14-5.500496141526936790e-13j), (6.289477731581883732e-14+2.827540970284379636e-14j), (-6.637694697395553090e-09-3.182336426782402675e-09j), (-8.522919659005846522e-14-8.798201971078113819e-15j), (9.146605319957131833e-14+2.902460327323507547e-13j), (-3.535759846780132354e-14-1.638495727746419006e-13j), (1.071210445238917846e-08+5.665661602525742802e-09j)
 (-1.718930017832306056e-13-3.986842771375570508e-13j), (1.545207263983579348e-13+2.682447644945777724e-13j), (-5.715699218797555937e-09-2.736487621852203465e-09j), (-1.208997992231754516e-13-1.226790974367512807e-13j), (-1.132535240857383194e-13-2.593989500580794841e-13j), (5.863841241403706528e-14+8.878771217444773315e-15j), (-7.344119631209074882e-09-3.167576075740441135e-09j), (1.600827273585839623e-14+3.308763495243597635e-14j), (-2.916031420551225120e-13-3.424074386165957175e-13j), (-1.215769887167392376e-13-1.310981964986618119e-13j), (-9.581827001571432190e-14-2.719530381382970235e-13j), (6.107591385178624515e-14+7.675228931440557118e-15j), (5.132597162941755103e-14+7.816704714266459040e-14j), (-9.233508769993983058e-14-8.857466209055807798e-14j), (-5.715850807273516702e-09-2.736641132958693158e-09j), (1.446365182588987959e-14-1.203246296243224764e-14j), (-7.344326994098140244e-09-3.167796517734730704e-09j), (-1.978921687079396206e-13-1.764607309175587477e-13j), (-7.021088587172298713e-09-3.026401640113864801e-09j), (1.075371626717357557e-13+4.869214396792308947e-14j), (-6.621856005122129526e-14-6.408918650241726113e-13j), (7.461503472010101150e-14+1.868847244615955620e-14j), (-7.021219974761473236e-09-3.026501100156398948e-09j), (-8.704553754577650424e-14+9.636113339543945011e-15j), (1.205670301543022303e-13+3.205172299952395088e-13j), (-6.218563869815247900e-14-1.796701024037738728e-13j), (1.143155002607111152e-08+5.473128754810964452e-09j)
 (-2.441747351796373309e-13-4.497705331108749275e-13j), (2.125832907831520158e-13+2.807781082425717279e-13j), (-6.241271131103299462e-09-2.565601944308043763e-09j), (-1.597557568228481628e-13-1.087038681377424515e-13j), (-1.726292420882714302e-13-2.872164439647516460e-13j), (7.710910735802491521e-14-1.409949784596102904e-14j), (-7.921530177819605691e-09-2.858341478441666846e-09j), (3.012016954760222078e-14+4.318053959223033484e-14j), (-3.875019393369853494e-13-3.316896106316282599e-13j), (-1.638620646920974368e-13-1.204406117628971195e-13j), (-1.470435731353641684e-13-3.084726242637286754e-13j), (8.065403468262645396e-14-1.654815069509498080e-14j), (7.340271292462900326e-14+7.677635016400829973e-14j), (-1.044896078579115723e-13-8.296266305837087370e-14j), (-6.241473737936636084e-09-2.565741096871205682e-09j), (1.562433708889019332e-14-1.069910407861878177e-14j), (-7.921800280947408925e-09-2.858547216434178071e-09j), (-2.380254952426158310e-13-1.600353706845670370e-13j), (-7.568833932791508894e-09-2.777174187411139013e-09j), (1.340204848049361811e-13+2.286603147323922485e-14j), (-1.425991124471446642e-13-8.052740463185423889e-13j), (9.201088520601693459e-14-3.067372310001509843e-15j), (-7.568998626256995030e-09-2.777257282740177914e-09j), (-7.903202103893037493e-14+3.899557763679715424e-14j), (1.707720222539412576e-13+3.729941829466420991e-13j), (-1.080936829258489141e-13-1.978154451850117527e-13j), (1.248274486903984869e-08+5.131343041179188234e-09j)
 (-3.031462326648824627e-13-4.913656070852108314e-13j), (2.542348491352469809e-13+2.872252618547480500e-13j), (-6.615911045099063315e-09-2.422136944953867321e-09j), (-1.865143817118971287e-13-9.012669990646275971e-14j), (-2.217456570605902047e-13-3.043604046677537478e-13j), (8.928589713375530855e-14-4.028200493392848007e-14j), (-8.312580183633252109e-09-2.619128900441662224e-09j), (4.900115677772585547e-14+4.926518793725117918e-14j), (-4.597619243530405075e-13-3.099373451358940336e-13j), (-1.954644304049092818e-13-1.042539634935095619e-13j), (-1.870212215057532624e-13-3.360905867279075974e-13j), (9.389834656766245570e-14-4.426219461405112877e-14j), (8.935041154397778146e-14+7.257404365203001320e-14j), (-1.091511078795267749e-13-8.017464930172117441e-14j), (-6.616152880865060270e-09-2.422256189671675113e-09j), (2.305285126567536003e-14-9.195185265913983214e-15j), (-8.312895511407483549e-09-2.619313392321128077e-09j), (-2.633662813845808736e-13-1.450758164804740938e-13j), (-7.951786486811307017e-09-2.584373808649614885e-09j), (1.520271217498075613e-13-5.317778217866138083e-15j), (-2.165313622261520397e-13-9.542277073748391658e-13j), (1.038513613148240453e-13-2.655214463671232745e-14j), (-7.951976261036972189e-09-2.584438115232662951e-09j), (-6.359620292586777198e-14+5.926719935747583014e-14j), (2.137958211204594608e-13+4.187915634337444057e-13j), (-1.450837412550226510e-13-2.070506125527844239e-13j), (1.323206392596391183e-08+4.844393134625539539e-09j)
 (-3.525854830215661463e-13-5.279674079269014305e-13j), (2.850897853198486972e-13+2.923694155304040019e-13j), (-6.899883886122958270e-09-2.301475432830534207e-09j), (-2.047738113389013815e-13-7.048484476056369954e-14j), (-2.627543973039253886e-13-3.158845067945648336e-13j), (9.652244787678389257e-14-6.751546935406778559e-14j), (-8.597842617274639485e-09-2.429039737924389396e-09j), (7.034657267252115987e-14+5.069457418665317373e-14j), (-5.161313909111953416e-13-2.838464183129855481e-13j), (-2.195691336958731026e-13-8.576957602218502559e-14j), (-2.182060814166008557e-13-3.600712167073712786e-13j), (1.021295907177057910e-13-7.326525649592251553e-14j), (1.012780055631725315e-13+6.755753449500416624e-14j), (-1.096460527811773078e-13-8.008384391991711299e-14j), (-6.900157470799604875e-09-2.301572016558269644e-09j), (3.466707634709087971e-14-1.011892613674415296e-14j), (-8.598191053461237169e-09-2.429200883268755191e-09j), (-2.805350233321654749e-13-1.330476651879890713e-13j), (-8.238580261542666426e-09-2.430086247360260568e-09j), (1.640883375493934314e-13-3.410074423904297253e-14j), (-2.871516441155521183e-13-1.092236775477209457e-12j), (1.116133200089708874e-13-5.059605773671053209e-14j), (-8.238789885100979362e-09-2.430130402095931625e-09j), (-4.538578411029937560e-14+7.224003138074282367e-14j), (2.513074774572827093e-13+4.604098734343430738e-13j), (-1.754437325364551446e-13-2.122855716138576222e-13j), (1.380004135692265496e-08+4.603047449388784826e-09j)
 (-4.331573013396845348e-13-5.949030291190135623e-13j), (3.279242582580305289e-13+3.048732167209434084e-13j), (-7.310244195754143822e-09-2.109005864575744466e-09j), (-2.249544946822886262e-13-3.274572183559207837e-14j), (-3.282297468673798421e-13-3.311667952247811507e-13j), (1.002890818708126883e-13-1.216497062355849225e-13j), (-8.993276185237431909e-09-2.143062324192353420e-09j), (1.154146439537987841e-13+4.129817564107540523e-14j), (-5.991153728581628542e-13-2.267796728896296968e-13j), (-2.529951904125885438e-13-4.623128246234246414e-14j), (-2.634687971882192791e-13-4.066871089790119237e-13j), (1.075757876252652287e-13-1.315397691644088341e-13j), (1.180103109870227911e-13+5.726235908793838780e-14j), (-1.039684574533075890e-13-8.676970298879167700e-14j), (-7.310566898244416848e-09-2.109051508676230375e-09j), (6.427487028214377118e-14-2.091004123865712981e-14j), (-8.993667059702866547e-09-2.143177103770336322e-09j), (-3.033048909714984320e-13-1.168451776791756459e-13j), (-8.648549842222978404e-09-2.194938961610489417e-09j), (1.761158272013271844e-13-9.094639355347013052e-14j), (-4.205195982904169270e-13-1.348108397600135466e-12j), (1.184533902185569538e-13-9.839756151962860383e-14j), (-8.648788545112727247e-09-2.194939595367109194e-09j), (-7.814988260444690285e-15+8.253614350403495203e-14j), (3.151469903542924265e-13+5.376406700292245195e-13j), (-2.239558008018526600e-13-2.181035137323547526e-13j), (1.462081109399861113e-08+4.218057373251968637e-09j)
 (-4.991996256655070097e-13-6.586827719330852659e-13j), (3.575199447070325127e-13+3.224443116065045366e-13j), (-7.596383954511353520e-09-1.962151951356372401e-09j), (-2.317468452552139495e-13+3.055832592326890810e-16j), (-3.793703961107408063e-13-3.420835670221577651e-13j), (9.444286475037259755e-14-1.725343765469702949e-13j), (-9.257263050473301250e-09-1.937071344236752907e-09j), (1.594897820832314760e-13+1.926358701182018694e-14j), (-6.563076139139568033e-13-1.677447633440352484e-13j), (-2.729727471166000673e-13-6.140095504973937359e-15j), (-2.962562906996222745e-13-4.568372654264651792e-13j), (1.028695884056208985e-13-1.871384975070113647e-13j), (1.290998771403637409e-13+4.741864794044712822e-14j), (-9.414971460776737926e-14-1.009739734114116954e-13j), (-7.596741459299647125e-09-1.962141409570129418e-09j), (9.683160954528156868e-14-4.222854191330455660e-14j), (-9.257676387396677812e-09-1.937144939428612042e-09j), (-3.202065634345270784e-13-1.077969837647740781e-13j), (-8.931753743294038762e-09-2.022527753690265867e-09j), (1.774801327388207378e-13-1.447183121880949737e-13j), (-5.466277241246912120e-13-1.585617255224600674e-12j), (1.174233195031197162e-13-1.439445073861368040e-13j), (-8.932010376931871809e-09-2.022481986638667005e-09j), (2.648399299461290842e-14+7.868198251756043994e-14j), (3.700997485239617951e-13+6.112641239937272327e-13j), (-2.633702300970801150e-13-2.214703381952732064e-13j), (1.519312541381108005e-08+3.924293360926496029e-09j)
 (-5.583957256332502582e-13-7.215472821023864333e-13j), (3.817595540906619012e-13+3.444810828002760450e-13j), (-7.811410549688251121e-09-1.844976808262184139e-09j), (-2.308388929535127374e-13+2.837329819898529700e-14j), (-4.222166299255905557e-13-3.513475843362347252e-13j), (8.254242282064470465e-14-2.196417803011300369e-13j), (-9.449200560366820702e-09-1.779420143522035834e-09j), (2.009783538741241022e-13-1.224311796299267205e-14j), (-6.963395757088051261e-13-1.083257316310281107e-13j), (-2.835426351677876176e-13+3.329175385063232640e-14j), (-3.247709789478312477e-13-5.120193589669031010e-13j), (9.151145359935432975e-14-2.393373032973056255e-13j), (1.367501741154001060e-13+3.802857273513372344e-14j), (-8.320617776964068794e-14-1.213277292384453863e-13j), (-7.811791174379167790e-09-1.844906469713850085e-09j), (1.295295260738257196e-13-7.214959218552450790e-14j), (-9.449625259477449067e-09-1.779459050935125906e-09j), (-3.361260867239427902e-13-1.023022827537532087e-13j), (-9.143330243648241976e-09-1.888442550842573752e-09j), (1.720942539065031511e-13-1.951885411525301846e-13j), (-6.703417209592379905e-13-1.811604568338958976e-12j), (1.113403812006318866e-13-1.869357946196700033e-13j), (-9.143595376003181813e-09-1.888348765591043892e-09j), (5.587422065941822460e-14+6.562476148522490658e-14j), (4.216455515152989886e-13+6.835187093699993153e-13j), (-2.985533763198724929e-13-2.231533535610686570e-13j), (1.562320172406723693e-08+3.689883277976072067e-09j)
 (-6.703102751823433989e-13-8.440603587021692961e-13j), (4.272946566066291991e-13+3.959639542351157328e-13j), (-8.118818429530764558e-09-1.667385166896401963e-09j), (-2.171134350875342170e-13+7.092681982885230864e-14j), (-4.945776718562422942e-13-3.673028925663104144e-13j), (4.784258222498809380e-14-3.032589812153889031e-13j), (-9.713703004863835023e-09-1.550916367261038333e-09j), (2.739826745593699038e-13-9.631190058057761387e-14j), (-7.400980816194276765e-13+7.681642640894744417e-15j), (-2.844023417177712406e-13+1.069917311015782403e-13j), (-3.853169556407815575e-13-6.332833969781611410e-13j), (5.610771255283938519e-14-3.336367337935690859e-13j), (1.450922530131137538e-13+2.068809767295968136e-14j), (-6.432538563310007327e-14-1.760862887915432815e-13j), (-8.119214785276660319e-09-1.667191541966072187e-09j), (1.903828963622973598e-13-1.524443133712391582e-13j), (-9.714136024777767272e-09-1.550903294973908228e-09j), (-3.700972637348329224e-13-9.327005385280265038e-14j), (-9.444165975323716749e-09-1.690128593303641865e-09j), (1.487258844954092400e-13-2.871041704209207324e-13j), (-9.215440068143987207e-13-2.236977283932862040e-12j), (8.970692993410928932e-14-2.658062097823048526e-13j), (-9.444423459741224869e-09-1.689939682742477698e-09j), (9.849408332431385297e-14+2.238724052179308833e-14j), (5.252180221687678901e-13+8.233722610258727142e-13j), (-3.629692709676510267e-13-2.198776654421472510e-13j), (1.623803321480738352e-08+3.334576708862488418e-09j)
 (-7.830560808499502902e-13-9.585420268688997165e-13j), (4.763513951204096509e-13+4.490120396796275653e-13j), (-8.332495460635677921e-09-1.537088730830430442e-09j), (-1.972673893776156346e-13+9.859807757414191873e-14j), (-5.581148943918722933e-13-3.797082271824952858e-13j), (4.473351698345122559e-15-3.747233418855984164e-13j), (-9.890397790266086598e-09-1.390875771041958094e-09j), (3.319673753945833754e-13-2.012254396266774254e-13j), (-7.494806523687263220e-13+1.151984162583510491e-13j), (-2.668280156735992849e-13+1.705511499427703479e-13j), (-4.618796016759247879e-13-7.590558694161025737e-13j), (9.867047199224530579e-15-4.157439676359582831e-13j), (1.469924823061080535e-13+5.901078465748944854e-15j), (-5.485173089587862009e-14-2.432488726853900210e-13j), (-8.332873610954904066e-09-1.536777019017204900e-09j), (2.407018702439638085e-13-2.540248103849183723e-13j), (-9.890835369580726954e-09-1.390826309038464107e-09j), (-4.069213100897583616e-13-7.966104182891735002e-14j), (-9.652249651194244006e-09-1.547851355224274227e-09j), (1.146486880885524312e-13-3.688104201386082589e-13j), (-1.186209931188406358e-12-2.629136825688763194e-12j), (5.995757367112161572e-14-3.365968508005198895e-13j), (-9.652472707858329449e-09-1.547576429706738173e-09j), (1.194879082961775636e-13-3.347872895261117671e-14j), (6.360635985459874082e-13+9.526409484018190111e-13j), (-4.214996642225230264e-13-2.057631669910421906e-13j), (1.666536907159059191e-08+3.073865749847662846e-09j)
 (-8.997159870808872467e-13-1.061276469434562314e-12j), (5.300647380042810614e-13+4.975423347069142512e-13j), (-8.492385895709041735e-09-1.436042496182717921e-09j), (-1.774808750306508861e-13+1.152065772829395922e-13j), (-6.171977986648761447e-13-3.874700654574819930e-13j), (-4.398342143259957756e-14-4.357796638329605052e-13j), (-1.001858695909346293e-08-1.271134773645543865e-09j), (3.734580508967928707e-13-3.211043540970173969e-13j), (-7.354558735407075121e-13+2.108322483967251876e-13j), (-2.383845748910724258e-13+2.224625905761790513e-13j), (-5.576063673253323593e-13-8.792906178045304760e-13j), (-4.328930861929550225e-14-4.868741363666963115e-13j), (1.448218647690439877e-13-5.643942592148538690e-15j), (-5.727467669100093892e-14-3.164971778117362927e-13j), (-8.492720614077239869e-09-1.435626145120545264e-09j), (2.771049535203850953e-13-3.714123306087229415e-13j), (-1.001903242562253885e-08-1.271055950615554212e-09j), (-4.438170494600702090e-13-5.845826414806787403e-14j), (-9.807452571707518077e-09-1.439164609065517190e-09j), (7.346019828914526362e-14-4.417609750269519669e-13j), (-1.466392538033160946e-12-2.986564862017456565e-12j), (2.472104456816258896e-14-4.004354894191615386e-13j), (-9.807622255034959451e-09-1.438818843439431052e-09j), (1.197849263275811473e-13-9.371307337470709465e-14j), (7.548941223080683134e-13+1.066920412026246741e-12j), (-4.727900613088238536e-13-1.810451568955802145e-13j), (1.698510650978642223e-08+2.871668641303267321e-09j)
 (-1.141420683842138053e-12-1.224903039080814749e-12j), (6.443200486077425979e-13+5.724643514746715378e-13j), (-8.720245629166420033e-09-1.287106200500140636e-09j), (-1.484391784949174789e-13+1.283107250922314461e-13j), (-7.258883444350639787e-13-3.866222660068878093e-13j), (-1.483731532924115368e-13-5.311847948785777881e-13j), (-1.019507382774209588e-08-1.101797624591295568e-09j), (4.035618480936706510e-13-5.874562799818093131e-13j), (-6.658909928702423974e-13+3.624101308129750901e-13j), (-1.687944573060656415e-13+2.939731190409172520e-13j), (-7.973699068482875702e-13-1.079137132085918459e-12j), (-1.612061779473385951e-13-5.996190042150871806e-13j), (1.353495917087078945e-13-1.848503328232892559e-14j), (-9.656978527874053600e-14-4.633955856718801591e-13j), (-8.720450711228852145e-09-1.286533904923881626e-09j), (3.010217916508240557e-13-6.351472650322884491e-13j), (-1.019554720442483596e-08-1.101660025841116648e-09j), (-5.079471185292362021e-13+5.154671860578609221e-15j), (-1.002795344383898318e-08-1.281355283039292637e-09j), (-2.278896609376704899e-14-5.644093939604641199e-13j), (-2.061268434905307758e-12-3.591881968342187401e-12j), (-5.674588210230590771e-14-5.095124200695633050e-13j), (-1.002798836805364795e-08-1.280921020118389556e-09j), (6.668722684522483887e-14-2.044684226330427062e-13j), (1.006071092123671836e-12+1.243388072359927378e-12j), (-5.477502633338385618e-13-1.090687658024791665e-13j), (1.744069634039529038e-08+2.573640105424028260e-09j)
 (-1.380788331252730809e-12-1.331920493580300470e-12j), (7.551179281987960146e-13+6.181903837653572196e-13j), (-8.877263459692620632e-09-1.181398404634922082e-09j), (-1.375761366598484162e-13+1.308302544631546022e-13j), (-8.200902341992713013e-13-3.648796648728324764e-13j), (-2.538031998314117846e-13-5.964699877640325526e-13j), (-1.031239868661733405e-08-9.871156430547722275e-10j), (3.645863466729075948e-13-8.614129408478875552e-13j), (-5.723664140459110640e-13+4.638548711346671649e-13j), (-1.009806447755610259e-13+3.329480254389374355e-13j), (-1.074087156998883499e-12-1.206856626392982895e-12j), (-2.835607319140631337e-13-6.777148407934886881e-13j), (1.269735728112224752e-13-2.012371722234417280e-14j), (-1.706902453382963756e-13-5.924744243295932655e-13j), (-8.877324368235185694e-09-1.180738948653570070e-09j), (2.582821174225526268e-13-9.087961132766214215e-13j), (-1.031290605456702473e-08-9.869050545990263202e-10j), (-5.510999449802832463e-13+8.620057395576146187e-14j), (-1.017949175565024754e-08-1.170962875069751326e-09j), (-1.286466584882434025e-13-6.586020464473833792e-13j), (-2.667163641034220242e-12-4.051273986206836239e-12j), (-1.460842651200020286e-13-5.954691736060118608e-13j), (-1.017939094438767326e-08-1.170504139902909755e-09j), (-3.680345542341953958e-14-2.782002779478665470e-13j), (1.253814758444662237e-12+1.352044210803874202e-12j), (-5.844276828594640982e-13-2.571595943654882660e-14j), (1.775458782792784107e-08+2.362137353288496908e-09j)
 (-1.717517051052161672e-12-1.404919695407277421e-12j), (9.030242096990232964e-13+6.493295359083700608e-13j), (-9.045115691429291914e-09-1.065981955016211082e-09j), (-1.477614081452954988e-13+1.396542248274984162e-13j), (-9.314242197892083448e-13-3.026133053040258210e-13j), (-4.049777371679622235e-13-6.530425515133069075e-13j), (-1.043413461258432140e-08-8.676723311648198169e-10j), (1.955044073168067622e-13-1.245852893752825704e-12j), (-4.282629901927520297e-13+5.459512957083225855e-13j), (-1.750441372445774422e-14+3.587983547981988241e-13j), (-1.507476620904729181e-12-1.264263715777649691e-12j), (-4.632995785805733713e-13-7.455248811872660736e-13j), (1.259260350848665022e-13-1.186911594969216973e-14j), (-3.185811549206983925e-13-7.392028930172550750e-13j), (-9.044987073771919383e-09-1.065278788060402966e-09j), (8.490719237505557628e-14-1.295237120014900313e-12j), (-1.043468015705502204e-08-8.673193250768374805e-10j), (-5.771589354982368813e-13+2.184238344905224413e-13j), (-1.034120539719785525e-08-1.051882680648135133e-09j), (-2.946537749806204464e-13-7.566516491862822318e-13j), (-3.547579258405699209e-12-4.517941781609126492e-12j), (-2.864574790002076574e-13-6.888822428741808965e-13j), (-1.034094283525277976e-08-1.051464650145119574e-09j), (-2.340594944643435389e-13-2.981689438019749799e-13j), (1.591591015966834778e-12+1.416788811358252239e-12j), (-5.844430547737583964e-13+8.987335710980433370e-14j), (1.809010276520146276e-08+2.131260743076636176e-09j)
 (-2.089313410729373512e-12-1.384509014818793810e-12j), (1.060425724854387043e-12+6.541854865615880132e-13j), (-9.198835274184502686e-09-9.583809300830273854e-10j), (-1.820019280162783411e-13+1.811833412546814733e-13j), (-1.020217403863917739e-12-1.931685099758907467e-13j), (-5.799437013208121198e-13-6.748626589573124986e-13j), (-1.054283970842917131e-08-7.623562825158125664e-10j), (-1.683047631600141180e-13-1.645476601386503975e-12j), (-2.728428539202158755e-13+5.730288044776542140e-13j), (5.940024701985161935e-14+3.717038472494105721e-13j), (-2.024843772606210233e-12-1.135944824737103849e-12j), (-6.770756170167524562e-13-7.694708104600722577e-13j), (1.480952818029126310e-13-1.770031846179187066e-15j), (-5.297134197949135189e-13-8.494028358796134796e-13j), (-9.198539601983985087e-09-9.576904557806693725e-10j), (-2.842655980392820488e-13-1.699544965743404750e-12j), (-1.054338149774703764e-08-7.617778175124082024e-10j), (-5.598507804483396351e-13+3.826035847492153223e-13j), (-1.048916683661290887e-08-9.421669393679108458e-10j), (-5.085071568884309572e-13-8.216554197522526375e-13j), (-4.570962860945149026e-12-4.834900029115580533e-12j), (-4.678613684178240470e-13-7.585151557480513290e-13j), (-1.048878996449632257e-08-9.418570487370080971e-10j), (-4.747199191291015340e-13-1.711263716281035505e-13j), (1.941218128925098639e-12+1.386279046663986328e-12j), (-5.307123050613372046e-13+1.952173493208436309e-13j), (1.839737487616837859e-08+1.916071385863715783e-09j)
 (-2.411177200898180245e-12-1.261369197785371583e-12j), (1.210422764652170256e-12+6.400941462644738859e-13j), (-9.330312959273455178e-09-8.650365732625922062e-10j), (-2.145169912367561120e-13+2.739191397340030058e-13j), (-1.054355988189770755e-12-5.895548756929786201e-14j), (-7.498960116030716493e-13-6.528822685818542732e-13j), (-1.063457304235810944e-08-6.761186315824295324e-10j), (-7.127783468230504656e-13-1.935343731167006526e-12j), (-1.557557187582742922e-13+5.523709790263260224e-13j), (1.246612481474998221e-13+3.872105210471845338e-13j), (-2.488501228240182427e-12-7.807289163658288196e-13j), (-8.911209209557377574e-13-7.345533686911769381e-13j), (1.957101834537455021e-13-1.230375686757765660e-14j), (-7.595969953773758671e-13-8.953283574122078882e-13j), (-9.329909032331094346e-09-8.643657397082553944e-10j), (-8.357584364123265325e-13-1.995904115364750986e-12j), (-1.063501560101371376e-08-6.752605748436005983e-10j), (-4.977440398176813829e-13+5.507060533494851523e-13j), (-1.061573242238970425e-08-8.479219125271394793e-10j), (-7.416689964104858175e-13-8.282811432769828803e-13j), (-5.553600248109246295e-12-4.961674698828480101e-12j), (-6.660441280130479071e-13-7.828873951673431010e-13j), (-1.061532659617743558e-08-8.477274476256332056e-10j), (-6.365129499323488715e-13+1.279399325001733773e-13j), (2.215467017448240006e-12+1.273672954653933454e-12j), (-4.508257692680787975e-13+2.552342111486898241e-13j), (1.866022199160473647e-08+1.729402312970856803e-09j)
 (-2.623958970211826526e-12-1.080697169608643173e-12j), (1.356307792389675676e-12+6.142761868779150481e-13j), (-9.440896296983113486e-09-7.856307800611089662e-10j), (-2.137256227808249821e-13+4.085551189581077544e-13j), (-1.029665354930319301e-12+6.693764467191430621e-14j), (-8.928402911478493606e-13-5.935690719171209148e-13j), (-1.071174597088767645e-08-6.065009564011842340e-10j), (-1.359425329457754800e-12-2.031162398933594324e-12j), (-1.005128594461750977e-13+5.223206604195829200e-13j), (1.918116672126337352e-13+4.133300436013950055e-13j), (-2.779180343494291608e-12-2.530646696917156462e-13j), (-1.076685907196568654e-12-6.440669085372009755e-13j), (2.511944632654945819e-13-6.011935540158766422e-14j), (-9.720389377071905263e-13-8.884078032600189506e-13j), (-9.440415080845893879e-09-7.849384796151123769e-10j), (-1.491256965507199479e-12-2.098938933208385572e-12j), (-1.071196791394108690e-08-6.053684315634284179e-10j), (-4.034874968879489806e-13+7.103109119030743311e-13j), (-1.072226396009194982e-08-7.683338106768757819e-10j), (-9.626426374694734140e-13-7.700609802621977281e-13j), (-6.379772178618252820e-12-4.978625989366216264e-12j), (-8.547016490469886025e-13-7.576123825380956072e-13j), (-1.072188630275324103e-08-7.682039046690356467e-10j), (-6.130948716302182040e-13+5.255833119861832742e-13j), (2.372764506941000809e-12+1.140816525011549422e-12j), (-3.842688546778240292e-13+2.741316163831974530e-13j), (1.888131137782895112e-08+1.570569259676258980e-09j)
 (-2.721504677844364679e-12-8.915555911914457194e-13j), (1.525578937910715410e-12+5.635832123598924915e-13j), (-9.544579314763179107e-09-7.105698587138024464e-10j), (-1.573420179319962689e-13+5.780388026567774480e-13j), (-9.516674104338769535e-13+1.712983061035182677e-13j), (-1.005581559757779478e-12-5.002259406622676161e-13j), (-1.078496739617614238e-08-5.434278025007789318e-10j), (-2.086150671434982763e-12-1.879806374398737611e-12j), (-1.010106715095527260e-13+5.254288221043467706e-13j), (2.870890526018383531e-13+4.452218642130395618e-13j), (-2.836687115981330216e-12+4.158544554642795314e-13j), (-1.225946817404333878e-12-4.942970265766795783e-13j), (2.955692623395959771e-13-1.557403068473823520e-13j), (-1.179296634115981406e-12-8.439898697294467175e-13j), (-9.543984164179690574e-09-7.098018054028292510e-10j), (-2.230013274017649492e-12-1.955421702905989227e-12j), (-1.078481289688670083e-08-5.420705385936491296e-10j), (-2.686822789013873352e-13+8.794390540757922089e-13j), (-1.082223671326688539e-08-6.934880095686179460e-10j), (-1.162927022018550340e-12-6.391664703878028433e-13j), (-7.110214848209832344e-12-5.006553127009927411e-12j), (-1.029539334079278885e-12-6.814697323629779459e-13j), (-1.082188963523623851e-08-6.933554457182956729e-10j), (-3.316366344277286891e-13+9.417295617010525974e-13j), (2.425935415502659806e-12+1.047295898038222075e-12j), (-3.462823037937284525e-13+2.804066573695872446e-13j), (1.908856347894293420e-08+1.420371664116577310e-09j)
 (-2.711492829229219987e-12-7.810452926044302778e-13j), (1.706845184195721213e-12+4.632235666609957118e-13j), (-9.635493640545088313e-09-6.446223245309146737e-10j), (-4.351917626801241639e-14+7.476722832909491009e-13j), (-8.404854598921526630e-13+2.294894902766802958e-13j), (-1.064394606591407796e-12-3.961356244021313977e-13j), (-1.085041437522344352e-08-4.895009654236983217e-10j), (-2.731469388471618467e-12-1.465177274609918370e-12j), (-1.331693678207064461e-13+6.013114919306223451e-13j), (4.138163656546070680e-13+4.578536550310051795e-13j), (-2.615910592961173878e-12+1.063397762645655897e-12j), (-1.299921110133630153e-12-3.125671420572588537e-13j), (3.051368059188222318e-13-2.842756379969382772e-13j), (-1.369054980641922442e-12-7.671738898010801228e-13j), (-9.634699952898688418e-09-6.437692616101565410e-10j), (-2.889918895828157434e-12-1.547579906754975287e-12j), (-1.084978040854612306e-08-4.880662638823915796e-10j), (-9.294113530106103710e-14+1.045346949508507536e-12j), (-1.090995407585395273e-08-6.279598021867005556e-10j), (-1.293913313206892053e-12-4.562151489237198591e-13j), (-7.748878473750216048e-12-5.148161429860180228e-12j), (-1.154790898277809444e-12-5.710569673117819769e-13j), (-1.090957928729044399e-08-6.277824252331207190e-10j), (1.879545101986653977e-13+1.199707671192213410e-12j), (2.406356023309046519e-12+1.065320930601114050e-12j), (-3.377902035530840249e-13+3.039503231404002078e-13j), (1.927019359344403316e-08+1.288391586141073800e-09j)
 (-2.651043612674902702e-12-7.968500968699520351e-13j), (1.888130426953406602e-12+2.637499067747156990e-13j), (-9.724083481234459924e-09-5.808925203039831922e-10j), (1.393302020975798216e-13+9.207643406413933505e-13j), (-7.015161675831073901e-13+2.345618729155262468e-13j), (-1.063777585096884374e-12-2.981356135818287211e-13j), (-1.091553042801974977e-08-4.378182268659478184e-10j), (-3.229779979630073183e-12-7.625823647954104666e-13j), (-1.541036929607862469e-13+7.866086327753450158e-13j), (5.757640226266635883e-13+4.195934985298736000e-13j), (-2.107708568898100766e-12+1.625294317682372063e-12j), (-1.278647507239658780e-12-1.155255385152078810e-13j), (2.685254066808619845e-13-4.460534099605792016e-13j), (-1.550857384906062799e-12-6.324231249947739106e-13j), (-9.722967228728925572e-09-5.800297801152815398e-10j), (-3.406300175311883276e-12-8.499387364526638230e-13j), (-1.091434444193040391e-08-4.365244186804763178e-10j), (1.592265770549545731e-13+1.210405541322916516e-12j), (-1.099545334889266318e-08-5.647859002584189851e-10j), (-1.333524242348255395e-12-2.335394175575633589e-13j), (-8.482342971239790905e-12-5.465829620113973905e-12j), (-1.221635842718404657e-12-4.389746087361875897e-13j), (-1.099496140850002637e-08-5.645921086729964349e-10j), (9.196132821292643470e-13+1.173319027327162526e-12j), (2.382518206003076696e-12+1.242903506831030251e-12j), (-3.372730420631903393e-13+3.686732182223533551e-13j), (1.944705070996368163e-08+1.160922300419235057e-09j)
 (-2.619892962744999094e-12-9.415807670644356805e-13j), (1.984526265364699420e-12-1.416963278610887668e-14j), (-9.799220345850238877e-09-5.278853773856860784e-10j), (3.704508657079842763e-13+1.066407044240163691e-12j), (-5.724241339703046743e-13+1.807906409606748770e-13j), (-1.008207962493383401e-12-2.500714583359557821e-13j), (-1.097172933456777388e-08-3.943937094093141023e-10j), (-3.420353002671560104e-12+4.364612564240787396e-14j), (-1.099782527439613038e-13+1.054073323433397944e-12j), (7.188055211631985455e-13+3.185752680971903498e-13j), (-1.462736674004901505e-12+1.937829272734366862e-12j), (-1.161493681433621208e-12+2.230961980148897561e-14j), (1.869425048163350374e-13-6.094426694653366474e-13j), (-1.662011175989980476e-12-4.504872882837426558e-13j), (-9.797769057462088408e-09-5.271741603721356049e-10j), (-3.614136271887481779e-12-4.589166888140390410e-14j), (-1.097011227819022446e-08-3.934516874984003270e-10j), (4.552104681945042990e-13+1.323142476548935248e-12j), (-1.106798217981611595e-08-5.123233177331074456e-10j), (-1.264207908925068502e-12-4.944656320360035524e-14j), (-9.304779634720724491e-12-5.864735432568160266e-12j), (-1.214941592638447155e-12-3.362970563869732212e-13j), (-1.106734730341933533e-08-5.122176025888468866e-10j), (1.617626610828382798e-12+7.994741500485597003e-13j), (2.432950457930208710e-12+1.551023436529682966e-12j), (-3.225150893751052208e-13+4.646569210702021369e-13j), (1.959698940331219328e-08+1.055059537757833988e-09j)
 (-2.667746029006298588e-12-1.192758449819132569e-12j), (1.947311802435602959e-12-3.518731893932703290e-13j), (-9.870459008942372440e-09-4.789462744894262173e-10j), (6.878036524325341573e-13+1.178813191628537727e-12j), (-4.600445483111535908e-13+6.521817146492671700e-14j), (-9.121810665083196057e-13-2.737192961895155344e-13j), (-1.102567122228929648e-08-3.531924935301341175e-10j), (-3.296989808035606434e-12+9.125181223180883621e-13j), (5.112746206177647526e-14+1.400402756660231446e-12j), (8.199656920743981732e-13+1.556816213710097694e-13j), (-7.213930822921039666e-13+2.007371413436377910e-12j), (-9.604661449655219590e-13+6.810352737569256758e-14j), (4.446211952296843079e-14-7.830662799744350782e-13j), (-1.663130138573653456e-12-2.353078027496462267e-13j), (-9.868755467283930158e-09-4.785642727019603930e-10j), (-3.508049422833377547e-12+8.212581020464704729e-13j), (-1.102381168177103323e-08-3.527794020083893169e-10j), (8.026797108516109991e-13+1.364549988338304000e-12j), (-1.113677760587015271e-08-4.639040875864214325e-10j), (-1.095532775402082746e-12+6.386418042236877285e-14j), (-1.032069078658557422e-11-6.287883380401594808e-12j), (-1.147295888571527885e-12-2.875253823108820034e-13j), (-1.113606411969175927e-08-4.640042811012815288e-10j), (2.207769285739718848e-12+7.315952279913889040e-14j), (2.623283909488052367e-12+1.975824729794331416e-12j), (-2.841816638676283425e-13+5.871809921428359278e-13j), (1.973921447622628936e-08+9.575105471913805098e-10j)
